modelo,termo,coeficiente,erro_padrao,p_valor,razao_de_chances,ic95_inferior,ic95_superior
M0_nulo,Intercept,-1.550986,0.019967,0.0,0.212039,0.203901,0.220502
M1_projeto,Intercept,-1.91482,0.165282,4.902004927559971e-31,0.147368,0.10659,0.203748
M1_projeto,C(project)[T.JM1],0.618913,0.167571,0.00022124186332883597,1.856909,1.337069,2.578858
M1_projeto,C(project)[T.KC1],0.896869,0.177915,4.6310862686806013e-07,2.451915,1.730071,3.474937
M1_projeto,C(project)[T.KC3],0.435743,0.247841,0.07872080930662949,1.546112,0.951214,2.513065
M1_projeto,C(project)[T.MC1],-1.828013,0.222649,2.206231226507253e-16,0.160733,0.103893,0.24867
M1_projeto,C(project)[T.MC2],1.30456,0.249782,1.7625096845337163e-07,3.686067,2.259166,6.014207
M1_projeto,C(project)[T.MW1],-0.209879,0.26226,0.4235542476164875,0.810683,0.484859,1.35546
M1_projeto,C(project)[T.PC1],-0.442005,0.212755,0.03775216252229834,0.642746,0.423587,0.975296
M1_projeto,C(project)[T.PC2],-1.904265,0.301977,2.8634378710411134e-10,0.148932,0.082403,0.269173
M1_projeto,C(project)[T.PC3],-0.036407,0.189318,0.8475030519397038,0.964248,0.665335,1.397451
M1_projeto,C(project)[T.PC4],0.078854,0.184035,0.6683070504096577,1.082046,0.754388,1.552018
M1_projeto,C(project)[T.PC5],0.946811,0.173919,5.210588641272396e-08,2.577477,1.832966,3.624391
M2_projeto_complexidade,Intercept,-3.162873,0.175785,2.2182771253879977e-72,0.042304,0.029975,0.059705
M2_projeto_complexidade,C(project)[T.JM1],0.738367,0.170145,1.4271342459053436e-05,2.092515,1.499137,2.92076
M2_projeto_complexidade,C(project)[T.KC1],1.233329,0.181277,1.0206550412967449e-11,3.432637,2.406161,4.897011
M2_projeto_complexidade,C(project)[T.KC3],0.487018,0.251299,0.05262327272409639,1.627456,0.994496,2.663273
M2_projeto_complexidade,C(project)[T.MC1],-1.50135,0.225143,2.5856022360347178e-11,0.222829,0.143328,0.346429
M2_projeto_complexidade,C(project)[T.MC2],1.278432,0.255484,5.616327096865402e-07,3.591006,2.176446,5.924947
M2_projeto_complexidade,C(project)[T.MW1],-0.146395,0.265146,0.5808598422240321,0.863817,0.513723,1.452493
M2_projeto_complexidade,C(project)[T.PC1],-0.475995,0.21563,0.027281680178543644,0.621266,0.40713,0.948031
M2_projeto_complexidade,C(project)[T.PC2],-1.674603,0.303964,3.604502528427986e-08,0.187382,0.103275,0.339988
M2_projeto_complexidade,C(project)[T.PC3],-0.017427,0.192107,0.9277204288355834,0.982724,0.674389,1.432033
M2_projeto_complexidade,C(project)[T.PC4],0.293067,0.186946,0.11696098126877612,1.340533,0.929285,1.933776
M2_projeto_complexidade,C(project)[T.PC5],1.049387,0.177025,3.0682467779871037e-09,2.8559,2.018641,4.040424
M2_projeto_complexidade,log_CYCLOMATIC_COMPLEXITY,0.642986,0.025702,4.0305804641816965e-138,1.902152,1.808704,2.000429
M3_projeto_complexidade_tamanho,Intercept,-4.503947,0.190641,2.1199970241406894e-123,0.011065,0.007615,0.016078
M3_projeto_complexidade_tamanho,C(project)[T.JM1],0.710473,0.171268,3.349485073207894e-05,2.034954,1.454691,2.846679
M3_projeto_complexidade_tamanho,C(project)[T.KC1],1.21302,0.182715,3.161068542087977e-11,3.363626,2.351151,4.812103
M3_projeto_complexidade_tamanho,C(project)[T.KC3],0.704953,0.254154,0.005541808445510981,2.023751,1.229762,3.330375
M3_projeto_complexidade_tamanho,C(project)[T.MC1],-1.283178,0.226416,1.4502184155236839e-08,0.277155,0.177827,0.431965
M3_projeto_complexidade_tamanho,C(project)[T.MC2],1.507312,0.259761,6.525660355784356e-09,4.514578,2.713367,7.511484
M3_projeto_complexidade_tamanho,C(project)[T.MW1],0.110469,0.266454,0.6784416892820573,1.116802,0.662476,1.882706
M3_projeto_complexidade_tamanho,C(project)[T.PC1],-0.154144,0.217332,0.47816516958171096,0.857149,0.559839,1.312348
M3_projeto_complexidade_tamanho,C(project)[T.PC2],-1.20114,0.306237,8.772187754445279e-05,0.300851,0.165075,0.548303
M3_projeto_complexidade_tamanho,C(project)[T.PC3],0.307361,0.193948,0.11302094675774502,1.359832,0.929815,1.988723
M3_projeto_complexidade_tamanho,C(project)[T.PC4],0.580222,0.188704,0.002106684432553207,1.786434,1.234132,2.585904
M3_projeto_complexidade_tamanho,C(project)[T.PC5],1.158597,0.178893,9.388817889314597e-11,3.185462,2.243356,4.523207
M3_projeto_complexidade_tamanho,log_CYCLOMATIC_COMPLEXITY,-0.057864,0.041811,0.16637489782195358,0.943778,0.869522,1.024376
M3_projeto_complexidade_tamanho,log_LOC_TOTAL,0.736955,0.036078,9.694243308758477e-93,2.089563,1.94691,2.24267
M4_completo,Intercept,-4.336949,0.193901,8.275943767980851e-111,0.013076,0.008942,0.019122
M4_completo,C(project)[T.JM1],0.710465,0.172271,3.7216038569897036e-05,2.034936,1.451823,2.852252
M4_completo,C(project)[T.KC1],1.120639,0.184344,1.2089908514334517e-09,3.066812,2.136844,4.401507
M4_completo,C(project)[T.KC3],0.687964,0.255931,0.007186308237283676,1.98966,1.204842,3.285696
M4_completo,C(project)[T.MC1],-1.223315,0.227293,7.361962133083295e-08,0.294253,0.188473,0.459402
M4_completo,C(project)[T.MC2],1.66695,0.261721,1.9004722361345874e-10,5.29599,3.170804,8.84555
M4_completo,C(project)[T.MW1],0.029161,0.267645,0.9132393643627303,1.02959,0.609319,1.739739
M4_completo,C(project)[T.PC1],-0.093137,0.218505,0.6699269854756991,0.911068,0.593689,1.398114
M4_completo,C(project)[T.PC2],-1.152148,0.307606,0.00018001684649227278,0.315957,0.172899,0.577383
M4_completo,C(project)[T.PC3],0.365225,0.195184,0.061319719806751556,1.440838,0.982821,2.112301
M4_completo,C(project)[T.PC4],0.678139,0.190166,0.00036242321771834656,1.970207,1.357195,2.860102
M4_completo,C(project)[T.PC5],1.176345,0.180079,6.472924113058934e-11,3.242501,2.278225,4.614912
M4_completo,log_CYCLOMATIC_COMPLEXITY,-0.052395,0.068019,0.4411235877971541,0.948954,0.830515,1.084284
M4_completo,log_LOC_TOTAL,0.822749,0.043712,4.9879582210800946e-79,2.27675,2.089814,2.480408
M4_completo,log_DESIGN_COMPLEXITY,0.190465,0.057165,0.000862677467080898,1.209812,1.081581,1.353245
M4_completo,log_ESSENTIAL_COMPLEXITY,-0.049335,0.041257,0.23177757992375225,0.951862,0.877923,1.03203
M4_completo,log_HALSTEAD_DIFFICULTY,-0.255049,0.050491,4.3866093965138904e-07,0.774879,0.701868,0.855484
