base,cenario,metrica,estatuto,N_pares,antes,depois,media,ic95_inf,ic95_sup,N_instancias
curto,adaptativa,atraso_relativo,COMPLETO,16,1.7931786498606561,1.7910505875373286,-0.0021280623233275037,-0.12706893300842806,0.12281280836177305,4.0
curto,adaptativa,taxa_omissao,COMPLETO,16,0.021875,0.029166666666666667,0.007291666666666667,-0.00637662735889967,0.020959960692233003,4.0
curto,adaptativa,divida_latente_sobre_plano,COMPLETO,16,0.01018396861534295,0.016225122075623318,0.006041153460280368,0.0015842237139750007,0.010498083206585736,4.0
curto,adaptativa,taxa_falha_efetiva,COMPLETO,16,0.08958333333333333,0.08229166666666668,-0.0072916666666666685,-0.04865234614511796,0.03406901281178462,4.0
curto,adaptativa,fracao_porta1,COMPLETO,16,0.34687500000000004,0.36354166666666665,0.01666666666666667,0.00042631337134995534,0.032907019961983384,4.0
curto,centralizada,atraso_relativo,COMPLETO,16,2.863149045532273,2.6318229080978948,-0.2313261374343788,-1.216248558166702,0.7535962832979444,4.0
curto,centralizada,taxa_omissao,COMPLETO,16,0.15416666666666667,0.14895833333333333,-0.005208333333333338,-0.05493405685339994,0.04451739018673327,4.0
curto,centralizada,divida_latente_sobre_plano,COMPLETO,16,0.07175726585377293,0.06896522430628452,-0.0027920415474884017,-0.030423951768838393,0.024839868673861593,4.0
curto,centralizada,taxa_falha_efetiva,COMPLETO,16,0.17916666666666667,0.17708333333333331,-0.002083333333333333,-0.05358229912843101,0.04941563246176434,4.0
curto,centralizada,fracao_porta1,COMPLETO,16,0.5385416666666667,0.5302083333333333,-0.008333333333333328,-0.03943124230228573,0.02276457563561907,4.0
historica_0.05,adaptativa,atraso_relativo,COMPLETO,16,1.8734347190439866,1.8504361972350598,-0.022998521808926975,-0.20885987277083357,0.16286282915297962,4.0
historica_0.05,adaptativa,taxa_omissao,COMPLETO,16,0.04791666666666668,0.043750000000000004,-0.0041666666666666675,-0.052887726552616816,0.044554393219283485,4.0
historica_0.05,adaptativa,divida_latente_sobre_plano,COMPLETO,16,0.018331789449889557,0.019443891082351145,0.0011121016324615895,-0.010117547155898443,0.012341750420821621,4.0
historica_0.05,adaptativa,taxa_falha_efetiva,COMPLETO,16,0.178125,0.15416666666666667,-0.02395833333333333,-0.1026630986565535,0.05474643198988684,4.0
historica_0.05,adaptativa,fracao_porta1,COMPLETO,16,0.37916666666666665,0.3958333333333333,0.016666666666666673,-0.03985142207203403,0.07318475540536737,4.0
historica_0.05,centralizada,atraso_relativo,COMPLETO,16,2.785807511728312,3.109829783680571,0.3240222719522593,-0.6495395778820605,1.2975841217865791,4.0
historica_0.05,centralizada,taxa_omissao,COMPLETO,16,0.203125,0.21770833333333334,0.014583333333333332,-0.02752343446127374,0.0566901011279404,4.0
historica_0.05,centralizada,divida_latente_sobre_plano,COMPLETO,16,0.08253689403811973,0.0893716346509468,0.006834740612827054,-0.010414041124563707,0.024083522350217816,4.0
historica_0.05,centralizada,taxa_falha_efetiva,COMPLETO,16,0.23958333333333331,0.25416666666666665,0.01458333333333333,-0.05442489863371735,0.083591565300384,4.0
historica_0.05,centralizada,fracao_porta1,COMPLETO,16,0.5427083333333333,0.540625,-0.002083333333333326,-0.0756146602675893,0.07144799360092265,4.0
historica_0.1,adaptativa,atraso_relativo,COMPLETO,16,1.9582766392216686,1.8639883489627733,-0.09428829025889535,-0.2719043360719343,0.08332775555414362,4.0
historica_0.1,adaptativa,taxa_omissao,COMPLETO,16,0.06145833333333334,0.06666666666666667,0.005208333333333336,-0.028760802714122777,0.03917746938078945,4.0
historica_0.1,adaptativa,divida_latente_sobre_plano,COMPLETO,16,0.023304825633525157,0.018932542525627417,-0.004372283107897737,-0.011180456816014962,0.0024358906002194883,4.0
historica_0.1,adaptativa,taxa_falha_efetiva,COMPLETO,16,0.259375,0.275,0.015625,-0.05163590450817146,0.08288590450817146,4.0
historica_0.1,adaptativa,fracao_porta1,COMPLETO,16,0.4302083333333333,0.39479166666666665,-0.03541666666666667,-0.16380793271422162,0.09297459938088826,4.0
historica_0.1,centralizada,atraso_relativo,COMPLETO,16,3.0090263756150817,2.9022037791088975,-0.10682259650618443,-0.6923335848778047,0.4786883918654359,4.0
historica_0.1,centralizada,taxa_omissao,COMPLETO,16,0.26875000000000004,0.29375,0.024999999999999994,-0.03600649559669079,0.08600649559669077,4.0
historica_0.1,centralizada,divida_latente_sobre_plano,COMPLETO,16,0.09128964386347413,0.0971722769258152,0.005882633062341073,-0.018841466753038105,0.030606732877720248,4.0
historica_0.1,centralizada,taxa_falha_efetiva,COMPLETO,16,0.30729166666666663,0.34791666666666665,0.04062500000000001,-0.02396883749023654,0.10521883749023656,4.0
historica_0.1,centralizada,fracao_porta1,COMPLETO,16,0.5385416666666667,0.5541666666666667,0.015624999999999997,-0.04450452884071596,0.07575452884071596,4.0
historica_0.15,adaptativa,atraso_relativo,REJEITADA_DOMINIO,0,,,,,,
historica_0.15,adaptativa,taxa_omissao,REJEITADA_DOMINIO,0,,,,,,
historica_0.15,adaptativa,divida_latente_sobre_plano,REJEITADA_DOMINIO,0,,,,,,
historica_0.15,adaptativa,taxa_falha_efetiva,REJEITADA_DOMINIO,0,,,,,,
historica_0.15,adaptativa,fracao_porta1,REJEITADA_DOMINIO,0,,,,,,
historica_0.15,centralizada,atraso_relativo,REJEITADA_DOMINIO,0,,,,,,
historica_0.15,centralizada,taxa_omissao,REJEITADA_DOMINIO,0,,,,,,
historica_0.15,centralizada,divida_latente_sobre_plano,REJEITADA_DOMINIO,0,,,,,,
historica_0.15,centralizada,taxa_falha_efetiva,REJEITADA_DOMINIO,0,,,,,,
historica_0.15,centralizada,fracao_porta1,REJEITADA_DOMINIO,0,,,,,,
historica_0.2,adaptativa,atraso_relativo,REJEITADA_DOMINIO,0,,,,,,
historica_0.2,adaptativa,taxa_omissao,REJEITADA_DOMINIO,0,,,,,,
historica_0.2,adaptativa,divida_latente_sobre_plano,REJEITADA_DOMINIO,0,,,,,,
historica_0.2,adaptativa,taxa_falha_efetiva,REJEITADA_DOMINIO,0,,,,,,
historica_0.2,adaptativa,fracao_porta1,REJEITADA_DOMINIO,0,,,,,,
historica_0.2,centralizada,atraso_relativo,REJEITADA_DOMINIO,0,,,,,,
historica_0.2,centralizada,taxa_omissao,REJEITADA_DOMINIO,0,,,,,,
historica_0.2,centralizada,divida_latente_sobre_plano,REJEITADA_DOMINIO,0,,,,,,
historica_0.2,centralizada,taxa_falha_efetiva,REJEITADA_DOMINIO,0,,,,,,
historica_0.2,centralizada,fracao_porta1,REJEITADA_DOMINIO,0,,,,,,
historica_0.25,adaptativa,atraso_relativo,REJEITADA_DOMINIO,0,,,,,,
historica_0.25,adaptativa,taxa_omissao,REJEITADA_DOMINIO,0,,,,,,
historica_0.25,adaptativa,divida_latente_sobre_plano,REJEITADA_DOMINIO,0,,,,,,
historica_0.25,adaptativa,taxa_falha_efetiva,REJEITADA_DOMINIO,0,,,,,,
historica_0.25,adaptativa,fracao_porta1,REJEITADA_DOMINIO,0,,,,,,
historica_0.25,centralizada,atraso_relativo,REJEITADA_DOMINIO,0,,,,,,
historica_0.25,centralizada,taxa_omissao,REJEITADA_DOMINIO,0,,,,,,
historica_0.25,centralizada,divida_latente_sobre_plano,REJEITADA_DOMINIO,0,,,,,,
historica_0.25,centralizada,taxa_falha_efetiva,REJEITADA_DOMINIO,0,,,,,,
historica_0.25,centralizada,fracao_porta1,REJEITADA_DOMINIO,0,,,,,,
longo,adaptativa,atraso_relativo,COMPLETO,16,1.8178506372673657,1.8045891382868937,-0.01326149898047195,-0.16131296688668445,0.13478996892574052,4.0
longo,adaptativa,taxa_omissao,COMPLETO,16,0.03333333333333334,0.027083333333333334,-0.006250000000000001,-0.03304521586929541,0.020545215869295405,4.0
longo,adaptativa,divida_latente_sobre_plano,COMPLETO,16,0.015273123664292895,0.015067702039437766,-0.00020542162485512913,-0.008050513656725131,0.0076396704070148735,4.0
longo,adaptativa,taxa_falha_efetiva,COMPLETO,16,0.10833333333333334,0.11145833333333334,0.0031249999999999993,-0.058686798292662684,0.06493679829266269,4.0
longo,adaptativa,fracao_porta1,COMPLETO,16,0.3489583333333333,0.3614583333333333,0.012500000000000004,-0.06231538266881468,0.0873153826688147,4.0
longo,centralizada,atraso_relativo,COMPLETO,16,2.8944599617116107,2.78900771438756,-0.10545224732405038,-1.0039597407231622,0.7930552460750615,4.0
longo,centralizada,taxa_omissao,COMPLETO,16,0.16562500000000002,0.15312499999999998,-0.012500000000000004,-0.06181888666627341,0.0368188866662734,4.0
longo,centralizada,divida_latente_sobre_plano,COMPLETO,16,0.07495451803288578,0.07130465331037618,-0.003649864722509601,-0.019483969016634493,0.012184239571615293,4.0
longo,centralizada,taxa_falha_efetiva,COMPLETO,16,0.20104166666666667,0.18125,-0.01979166666666667,-0.07210224547010577,0.03251891213677244,4.0
longo,centralizada,fracao_porta1,COMPLETO,16,0.5385416666666667,0.5354166666666667,-0.0031249999999999924,-0.03246520579100782,0.026215205791007834,4.0
