arquivo,combinacao,instancia,n_nos,n_atividades_reais,n_arcos,aciclico,n_recursos_renovaveis,n_recursos_nao_renovaveis,horizonte,NC,RF,RS,duracao_media,duracao_maxima,makespan_sem_recursos,disponibilidades
j6010_1.sm,10,1,62,60,93,True,4,0,323,1.5,0.754167,0.507237,5.3833,10,85,30;26;24;25
j6010_10.sm,10,10,62,60,93,True,4,0,319,1.5,0.754167,0.507384,5.3167,10,73,37;32;40;31
j6010_2.sm,10,2,62,60,93,True,4,0,353,1.5,0.754167,0.501866,5.8833,10,62,44;39;41;31
j6010_3.sm,10,3,62,60,93,True,4,0,353,1.5,0.754167,0.505358,5.8833,10,72,26;36;32;29
j6010_4.sm,10,4,62,60,93,True,4,0,330,1.5,0.754167,0.512205,5.5,10,80,27;22;24;27
j6010_5.sm,10,5,62,60,93,True,4,0,377,1.5,0.754167,0.506478,6.2833,10,79,32;28;31;32
j6010_6.sm,10,6,62,60,93,True,4,0,322,1.5,0.754167,0.506156,5.3667,10,67,33;29;38;35
j6010_7.sm,10,7,62,60,93,True,4,0,346,1.5,0.754167,0.505685,5.7667,10,69,37;33;33;32
j6010_8.sm,10,8,62,60,93,True,4,0,303,1.5,0.754167,0.511548,5.05,10,64,33;30;25;26
j6010_9.sm,10,9,62,60,93,True,4,0,358,1.5,0.754167,0.502273,5.9667,10,73,30;28;33;38
j6011_1.sm,11,1,62,60,93,True,4,0,366,1.5,0.754167,0.697984,6.1,10,71,42;42;32;40
j6011_10.sm,11,10,62,60,93,True,4,0,307,1.5,0.754167,0.69458,5.1167,10,58,56;49;39;35
j6011_2.sm,11,2,62,60,93,True,4,0,321,1.5,0.754167,0.694305,5.35,10,61,39;46;43;37
j6011_3.sm,11,3,62,60,93,True,4,0,344,1.5,0.754167,0.700156,5.7333,10,76,37;45;42;35
j6011_4.sm,11,4,62,60,93,True,4,0,329,1.5,0.754167,0.706586,5.4833,10,69,32;42;42;35
j6011_5.sm,11,5,62,60,93,True,4,0,351,1.5,0.754167,0.695207,5.85,10,65,40;46;44;33
j6011_6.sm,11,6,62,60,93,True,4,0,331,1.5,0.754167,0.698659,5.5167,10,70,43;30;56;34
j6011_7.sm,11,7,62,60,93,True,4,0,353,1.5,0.754167,0.69978,5.8833,10,70,30;42;36;42
j6011_8.sm,11,8,62,60,93,True,4,0,358,1.5,0.754167,0.704167,5.9667,10,69,38;44;44;45
j6011_9.sm,11,9,62,60,93,True,4,0,323,1.5,0.754167,0.702441,5.3833,10,62,50;43;52;46
j6012_1.sm,12,1,62,60,93,True,4,0,331,1.5,0.754167,1.0,5.5167,10,59,87;85;85;67
j6012_10.sm,12,10,62,60,93,True,4,0,342,1.5,0.754167,1.0,5.7,10,79,46;48;46;69
j6012_2.sm,12,2,62,60,93,True,4,0,287,1.5,0.754167,1.0,4.7833,10,58,60;64;56;44
j6012_3.sm,12,3,62,60,93,True,4,0,345,1.5,0.754167,1.0,5.75,10,75,42;49;48;44
j6012_4.sm,12,4,62,60,93,True,4,0,342,1.5,0.754167,1.0,5.7,10,69,59;55;76;66
j6012_5.sm,12,5,62,60,93,True,4,0,327,1.5,0.754167,1.0,5.45,10,63,60;51;51;57
j6012_6.sm,12,6,62,60,93,True,4,0,329,1.5,0.754167,1.0,5.4833,10,54,78;79;67;36
j6012_7.sm,12,7,62,60,93,True,4,0,349,1.5,0.754167,1.0,5.8167,10,71,62;47;58;68
j6012_8.sm,12,8,62,60,93,True,4,0,302,1.5,0.754167,1.0,5.0333,10,60,63;49;54;56
j6012_9.sm,12,9,62,60,93,True,4,0,339,1.5,0.754167,1.0,5.65,10,59,65;45;51;67
j6013_1.sm,13,1,62,60,93,True,4,0,340,1.5,1.0,0.201212,5.6667,10,69,18;21;19;22
j6013_10.sm,13,10,62,60,93,True,4,0,354,1.5,1.0,0.200526,5.9,10,63,20;22;19;20
j6013_2.sm,13,2,62,60,93,True,4,0,312,1.5,1.0,0.200272,5.2,10,66,19;22;19;25
j6013_3.sm,13,3,62,60,93,True,4,0,331,1.5,1.0,0.199092,5.5167,10,57,21;27;24;26
j6013_4.sm,13,4,62,60,93,True,4,0,360,1.5,1.0,0.199305,6.0,10,62,24;24;24;23
j6013_5.sm,13,5,62,60,93,True,4,0,330,1.5,1.0,0.197863,5.5,10,53,24;24;20;20
j6013_6.sm,13,6,62,60,93,True,4,0,324,1.5,1.0,0.196323,5.4,10,61,24;21;24;20
j6013_7.sm,13,7,62,60,93,True,4,0,319,1.5,1.0,0.200853,5.3167,10,54,22;24;22;26
j6013_8.sm,13,8,62,60,93,True,4,0,344,1.5,1.0,0.19994,5.7333,10,69,17;15;21;19
j6013_9.sm,13,9,62,60,93,True,4,0,349,1.5,1.0,0.203877,5.8167,10,67,22;26;24;21
j6014_1.sm,14,1,62,60,93,True,4,0,332,1.5,1.0,0.50588,5.5333,10,59,39;47;40;41
j6014_10.sm,14,10,62,60,93,True,4,0,371,1.5,1.0,0.508385,6.1833,10,67,38;30;32;40
j6014_2.sm,14,2,62,60,93,True,4,0,335,1.5,1.0,0.506375,5.5833,10,65,40;40;38;42
j6014_3.sm,14,3,62,60,93,True,4,0,315,1.5,1.0,0.505136,5.25,10,61,40;33;43;37
j6014_4.sm,14,4,62,60,93,True,4,0,336,1.5,1.0,0.5,5.6,10,65,32;35;37;34
j6014_5.sm,14,5,62,60,93,True,4,0,312,1.5,1.0,0.506054,5.2,10,59,41;40;45;39
j6014_6.sm,14,6,62,60,93,True,4,0,314,1.5,1.0,0.504116,5.2333,10,65,43;30;39;39
j6014_7.sm,14,7,62,60,93,True,4,0,315,1.5,1.0,0.507958,5.25,10,69,33;31;35;37
j6014_8.sm,14,8,62,60,93,True,4,0,287,1.5,1.0,0.509388,4.7833,10,88,30;31;35;27
j6014_9.sm,14,9,62,60,93,True,4,0,308,1.5,1.0,0.5,5.1333,10,61,36;36;33;45
j6015_1.sm,15,1,62,60,93,True,4,0,334,1.5,1.0,0.704867,5.5667,10,84,41;49;43;48
j6015_10.sm,15,10,62,60,93,True,4,0,300,1.5,1.0,0.702853,5.0,10,61,51;48;48;49
j6015_2.sm,15,2,62,60,93,True,4,0,339,1.5,1.0,0.703283,5.65,10,89,41;36;34;38
j6015_3.sm,15,3,62,60,93,True,4,0,341,1.5,1.0,0.702053,5.6833,10,72,63;52;50;49
j6015_4.sm,15,4,62,60,93,True,4,0,373,1.5,1.0,0.705973,6.2167,10,75,46;51;52;42
j6015_5.sm,15,5,62,60,93,True,4,0,342,1.5,1.0,0.700234,5.7,10,70,39;43;52;44
j6015_6.sm,15,6,62,60,93,True,4,0,333,1.5,1.0,0.701967,5.55,10,76,46;49;42;35
j6015_7.sm,15,7,62,60,93,True,4,0,333,1.5,1.0,0.701167,5.55,10,64,61;48;48;61
j6015_8.sm,15,8,62,60,93,True,4,0,361,1.5,1.0,0.698816,6.0167,10,79,46;38;41;54
j6015_9.sm,15,9,62,60,93,True,4,0,378,1.5,1.0,0.698682,6.3,10,72,79;73;65;60
j6016_1.sm,16,1,62,60,93,True,4,0,365,1.5,1.0,1.0,6.0833,10,64,69;62;67;69
j6016_10.sm,16,10,62,60,93,True,4,0,356,1.5,1.0,1.0,5.9333,10,68,66;55;59;64
j6016_2.sm,16,2,62,60,93,True,4,0,335,1.5,1.0,1.0,5.5833,10,64,92;71;67;77
j6016_3.sm,16,3,62,60,93,True,4,0,308,1.5,1.0,1.0,5.1333,10,53,61;69;69;94
j6016_4.sm,16,4,62,60,93,True,4,0,312,1.5,1.0,1.0,5.2,10,60,80;61;50;59
j6016_5.sm,16,5,62,60,93,True,4,0,329,1.5,1.0,1.0,5.4833,10,66,75;84;64;71
j6016_6.sm,16,6,62,60,93,True,4,0,361,1.5,1.0,1.0,6.0167,10,66,65;76;55;64
j6016_7.sm,16,7,62,60,93,True,4,0,297,1.5,1.0,1.0,4.95,10,82,49;47;45;43
j6016_8.sm,16,8,62,60,93,True,4,0,340,1.5,1.0,1.0,5.6667,10,68,66;60;69;65
j6016_9.sm,16,9,62,60,93,True,4,0,321,1.5,1.0,1.0,5.35,10,54,78;73;67;70
j6017_1.sm,17,1,62,60,112,True,4,0,313,1.806452,0.25,0.140693,5.2167,10,76,12;10;13;14
j6017_10.sm,17,10,62,60,112,True,4,0,364,1.806452,0.25,0.205177,6.0667,10,65,12;12;11;14
j6017_2.sm,17,2,62,60,112,True,4,0,305,1.806452,0.25,0.160189,5.0833,10,67,13;13;10;12
j6017_3.sm,17,3,62,60,112,True,4,0,363,1.806452,0.25,0.182576,6.05,10,79,11;12;10;13
j6017_4.sm,17,4,62,60,112,True,4,0,305,1.806452,0.25,0.200645,5.0833,10,69,13;12;12;11
j6017_5.sm,17,5,62,60,112,True,4,0,275,1.806452,0.25,0.198465,4.5833,10,52,14;11;11;17
j6017_6.sm,17,6,62,60,112,True,4,0,297,1.806452,0.25,0.149929,4.95,10,67,15;9;14;15
j6017_7.sm,17,7,62,60,112,True,4,0,357,1.806452,0.25,0.205177,5.95,10,81,12;12;12;9
j6017_8.sm,17,8,62,60,112,True,4,0,330,1.806452,0.25,0.152813,5.5,10,66,13;15;15;9
j6017_9.sm,17,9,62,60,112,True,4,0,322,1.806452,0.25,0.201786,5.3667,10,70,13;15;12;12
j6018_1.sm,18,1,62,60,112,True,4,0,332,1.806452,0.25,0.533543,5.5333,10,80,13;15;19;18
j6018_10.sm,18,10,62,60,112,True,4,0,383,1.806452,0.25,0.5,6.3833,10,97,14;22;12;16
j6018_2.sm,18,2,62,60,112,True,4,0,344,1.806452,0.25,0.52521,5.7333,10,69,18;19;14;19
j6018_3.sm,18,3,62,60,112,True,4,0,320,1.806452,0.25,0.525,5.3333,10,77,18;13;13;13
j6018_4.sm,18,4,62,60,112,True,4,0,378,1.806452,0.25,0.532769,6.3,10,71,18;18;20;14
j6018_5.sm,18,5,62,60,112,True,4,0,321,1.806452,0.25,0.513768,5.35,10,80,18;16;22;10
j6018_6.sm,18,6,62,60,112,True,4,0,320,1.806452,0.25,0.526852,5.3333,10,61,15;18;24;20
j6018_7.sm,18,7,62,60,112,True,4,0,316,1.806452,0.25,0.5,5.2667,10,87,14;29;14;13
j6018_8.sm,18,8,62,60,112,True,4,0,333,1.806452,0.25,0.552473,5.55,10,78,14;13;22;17
j6018_9.sm,18,9,62,60,112,True,4,0,330,1.806452,0.25,0.517857,5.5,10,69,14;16;14;17
j6019_1.sm,19,1,62,60,112,True,4,0,336,1.806452,0.25,0.715785,5.6,10,62,18;21;16;21
j6019_10.sm,19,10,62,60,112,True,4,0,336,1.806452,0.25,0.73539,5.6,10,78,25;17;17;13
j6019_2.sm,19,2,62,60,112,True,4,0,376,1.806452,0.25,0.712225,6.2667,10,83,14;19;16;19
j6019_3.sm,19,3,62,60,112,True,4,0,350,1.806452,0.25,0.721164,5.8333,10,81,19;29;11;13
j6019_4.sm,19,4,62,60,112,True,4,0,318,1.806452,0.25,0.705815,5.3,10,67,15;30;13;19
j6019_5.sm,19,5,62,60,112,True,4,0,329,1.806452,0.25,0.712121,5.4833,10,73,24;13;14;24
j6019_6.sm,19,6,62,60,112,True,4,0,342,1.806452,0.25,0.711619,5.7,10,68,21;21;19;21
j6019_7.sm,19,7,62,60,112,True,4,0,315,1.806452,0.25,0.712124,5.25,10,60,16;23;24;20
j6019_8.sm,19,8,62,60,112,True,4,0,331,1.806452,0.25,0.732452,5.5167,10,82,19;13;21;12
j6019_9.sm,19,9,62,60,112,True,4,0,354,1.806452,0.25,0.721709,5.9,10,67,21;21;22;17
j601_1.sm,1,1,62,60,93,True,4,0,329,1.5,0.25,0.193624,5.4833,10,77,13;11;12;13
j601_10.sm,1,10,62,60,93,True,4,0,354,1.5,0.25,0.198214,5.9,10,76,14;11;12;11
j601_2.sm,1,2,62,60,93,True,4,0,344,1.5,0.25,0.203571,5.7333,10,65,13;15;14;14
j601_3.sm,1,3,62,60,93,True,4,0,316,1.5,0.25,0.203119,5.2667,10,67,16;19;14;12
j601_4.sm,1,4,62,60,93,True,4,0,324,1.5,0.25,0.209544,5.4,10,79,15;13;13;13
j601_5.sm,1,5,62,60,93,True,4,0,308,1.5,0.25,0.202305,5.1333,10,68,13;7;14;14
j601_6.sm,1,6,62,60,93,True,4,0,296,1.5,0.25,0.216521,4.9333,10,52,14;12;13;15
j601_7.sm,1,7,62,60,93,True,4,0,341,1.5,0.25,0.204074,5.6833,10,60,13;11;14;14
j601_8.sm,1,8,62,60,93,True,4,0,363,1.5,0.25,0.230556,6.05,10,71,13;12;14;12
j601_9.sm,1,9,62,60,93,True,4,0,342,1.5,0.25,0.213248,5.7,10,75,13;11;13;14
j6020_1.sm,20,1,62,60,112,True,4,0,342,1.806452,0.25,1.0,5.7,10,60,28;32;26;22
j6020_10.sm,20,10,62,60,112,True,4,0,326,1.806452,0.25,1.0,5.4333,10,70,18;21;15;31
j6020_2.sm,20,2,62,60,112,True,4,0,288,1.806452,0.25,1.0,4.8,10,78,21;20;12;12
j6020_3.sm,20,3,62,60,112,True,4,0,348,1.806452,0.25,1.0,5.8,10,69,16;25;29;26
j6020_4.sm,20,4,62,60,112,True,4,0,338,1.806452,0.25,1.0,5.6333,10,86,21;35;22;35
j6020_5.sm,20,5,62,60,112,True,4,0,343,1.806452,0.25,1.0,5.7167,10,71,35;22;13;25
j6020_6.sm,20,6,62,60,112,True,4,0,338,1.806452,0.25,1.0,5.6333,10,97,36;23;17;19
j6020_7.sm,20,7,62,60,112,True,4,0,328,1.806452,0.25,1.0,5.4667,10,74,19;37;16;29
j6020_8.sm,20,8,62,60,112,True,4,0,315,1.806452,0.25,1.0,5.25,10,65,20;29;26;17
j6020_9.sm,20,9,62,60,112,True,4,0,362,1.806452,0.25,1.0,6.0333,10,74,16;23;21;19
j6021_1.sm,21,1,62,60,112,True,4,0,332,1.806452,0.504167,0.193171,5.5333,10,76,13;15;11;14
j6021_10.sm,21,10,62,60,112,True,4,0,277,1.806452,0.504167,0.19852,4.6167,10,51,15;17;13;15
j6021_2.sm,21,2,62,60,112,True,4,0,324,1.806452,0.504167,0.199822,5.4,10,92,13;15;13;16
j6021_3.sm,21,3,62,60,112,True,4,0,326,1.806452,0.504167,0.198629,5.4333,10,65,14;18;14;14
j6021_4.sm,21,4,62,60,112,True,4,0,296,1.806452,0.504167,0.18611,4.9333,10,64,13;15;15;14
j6021_5.sm,21,5,62,60,112,True,4,0,327,1.806452,0.504167,0.198104,5.45,10,75,17;16;19;18
j6021_6.sm,21,6,62,60,112,True,4,0,309,1.806452,0.504167,0.198629,5.15,10,63,14;18;14;13
j6021_7.sm,21,7,62,60,112,True,4,0,334,1.806452,0.504167,0.200812,5.5667,10,80,15;15;16;15
j6021_8.sm,21,8,62,60,112,True,4,0,334,1.806452,0.504167,0.188425,5.5667,10,85,17;15;13;14
j6021_9.sm,21,9,62,60,112,True,4,0,350,1.806452,0.504167,0.192137,5.8333,10,69,16;16;20;16
j6022_1.sm,22,1,62,60,112,True,4,0,305,1.806452,0.504167,0.503571,5.0833,10,62,25;28;23;24
j6022_10.sm,22,10,62,60,112,True,4,0,326,1.806452,0.504167,0.513187,5.4333,10,69,16;18;26;28
j6022_2.sm,22,2,62,60,112,True,4,0,357,1.806452,0.504167,0.505685,5.95,10,83,28;18;32;33
j6022_3.sm,22,3,62,60,112,True,4,0,323,1.806452,0.504167,0.515993,5.3833,10,70,24;15;23;23
j6022_4.sm,22,4,62,60,112,True,4,0,359,1.806452,0.504167,0.508049,5.9833,10,64,31;17;23;24
j6022_5.sm,22,5,62,60,112,True,4,0,307,1.806452,0.504167,0.513305,5.1167,10,76,22;19;22;21
j6022_6.sm,22,6,62,60,112,True,4,0,351,1.806452,0.504167,0.512963,5.85,10,79,24;28;18;30
j6022_7.sm,22,7,62,60,112,True,4,0,374,1.806452,0.504167,0.503205,6.2333,10,69,30;26;30;25
j6022_8.sm,22,8,62,60,112,True,4,0,326,1.806452,0.504167,0.503205,5.4333,10,59,30;23;20;31
j6022_9.sm,22,9,62,60,112,True,4,0,365,1.806452,0.504167,0.510652,6.0833,10,65,28;30;26;31
j6023_1.sm,23,1,62,60,112,True,4,0,386,1.806452,0.504167,0.702919,6.4333,10,75,36;28;27;27
j6023_10.sm,23,10,62,60,112,True,4,0,290,1.806452,0.504167,0.704497,4.8333,10,68,27;24;30;28
j6023_2.sm,23,2,62,60,112,True,4,0,355,1.806452,0.504167,0.704748,5.9167,10,69,23;33;43;40
j6023_3.sm,23,3,62,60,112,True,4,0,331,1.806452,0.504167,0.705991,5.5167,10,75,25;17;31;32
j6023_4.sm,23,4,62,60,112,True,4,0,334,1.806452,0.504167,0.699163,5.5667,10,83,28;27;29;19
j6023_5.sm,23,5,62,60,112,True,4,0,347,1.806452,0.504167,0.697624,5.7833,10,72,34;28;31;37
j6023_6.sm,23,6,62,60,112,True,4,0,312,1.806452,0.504167,0.70365,5.2,10,81,22;22;37;19
j6023_7.sm,23,7,62,60,112,True,4,0,313,1.806452,0.504167,0.704308,5.2167,10,60,23;24;36;28
j6023_8.sm,23,8,62,60,112,True,4,0,332,1.806452,0.504167,0.710991,5.5333,10,72,32;25;24;28
j6023_9.sm,23,9,62,60,112,True,4,0,308,1.806452,0.504167,0.71022,5.1333,10,64,25;30;27;28
j6024_1.sm,24,1,62,60,112,True,4,0,284,1.806452,0.504167,1.0,4.7333,10,65,21;22;25;38
j6024_10.sm,24,10,62,60,112,True,4,0,344,1.806452,0.504167,1.0,5.7333,10,66,41;30;27;33
j6024_2.sm,24,2,62,60,112,True,4,0,306,1.806452,0.504167,1.0,5.1,10,55,36;47;59;40
j6024_3.sm,24,3,62,60,112,True,4,0,313,1.806452,0.504167,1.0,5.2167,10,67,24;40;33;46
j6024_4.sm,24,4,62,60,112,True,4,0,353,1.806452,0.504167,1.0,5.8833,10,78,43;29;25;42
j6024_5.sm,24,5,62,60,112,True,4,0,316,1.806452,0.504167,1.0,5.2667,10,76,37;36;28;28
j6024_6.sm,24,6,62,60,112,True,4,0,308,1.806452,0.504167,1.0,5.1333,10,75,37;27;37;45
j6024_7.sm,24,7,62,60,112,True,4,0,344,1.806452,0.504167,1.0,5.7333,10,68,47;41;38;33
j6024_8.sm,24,8,62,60,112,True,4,0,353,1.806452,0.504167,1.0,5.8833,10,81,36;38;30;19
j6024_9.sm,24,9,62,60,112,True,4,0,330,1.806452,0.504167,1.0,5.5,10,80,24;26;29;45
j6025_1.sm,25,1,62,60,112,True,4,0,292,1.806452,0.754167,0.199519,4.8667,10,71,15;15;15;18
j6025_10.sm,25,10,62,60,112,True,4,0,352,1.806452,0.754167,0.199189,5.8667,10,77,21;17;17;19
j6025_2.sm,25,2,62,60,112,True,4,0,353,1.806452,0.754167,0.200173,5.8833,10,69,21;18;21;18
j6025_3.sm,25,3,62,60,112,True,4,0,358,1.806452,0.754167,0.20599,5.9667,10,90,18;19;16;16
j6025_4.sm,25,4,62,60,112,True,4,0,336,1.806452,0.754167,0.201392,5.6,10,78,13;17;18;20
j6025_5.sm,25,5,62,60,112,True,4,0,283,1.806452,0.754167,0.205573,4.7167,10,61,17;17;18;17
j6025_6.sm,25,6,62,60,112,True,4,0,348,1.806452,0.754167,0.20351,5.8,10,75,18;19;16;18
j6025_7.sm,25,7,62,60,112,True,4,0,283,1.806452,0.754167,0.198914,4.7167,10,66,20;16;16;18
j6025_8.sm,25,8,62,60,112,True,4,0,326,1.806452,0.754167,0.206133,5.4333,10,57,16;19;20;18
j6025_9.sm,25,9,62,60,112,True,4,0,287,1.806452,0.754167,0.201198,4.7833,10,69,17;17;16;14
j6026_1.sm,26,1,62,60,112,True,4,0,319,1.806452,0.754167,0.503788,5.3167,10,80,27;25;31;32
j6026_10.sm,26,10,62,60,112,True,4,0,314,1.806452,0.754167,0.504724,5.2333,10,85,36;23;25;38
j6026_2.sm,26,2,62,60,112,True,4,0,295,1.806452,0.754167,0.512205,4.9167,10,63,27;27;24;24
j6026_3.sm,26,3,62,60,112,True,4,0,347,1.806452,0.754167,0.510894,5.7833,10,71,28;25;29;30
j6026_4.sm,26,4,62,60,112,True,4,0,312,1.806452,0.754167,0.511443,5.2,10,65,29;26;29;26
j6026_5.sm,26,5,62,60,112,True,4,0,292,1.806452,0.754167,0.505458,4.8667,10,61,35;32;36;27
j6026_6.sm,26,6,62,60,112,True,4,0,330,1.806452,0.754167,0.509354,5.5,10,73,27;32;34;23
j6026_7.sm,26,7,62,60,112,True,4,0,298,1.806452,0.754167,0.507411,4.9667,10,72,29;25;31;26
j6026_8.sm,26,8,62,60,112,True,4,0,345,1.806452,0.754167,0.506939,5.75,10,89,30;26;32;24
j6026_9.sm,26,9,62,60,112,True,4,0,363,1.806452,0.754167,0.505211,6.05,10,62,39;29;34;35
j6027_1.sm,27,1,62,60,112,True,4,0,346,1.806452,0.754167,0.703884,5.7667,10,96,34;30;28;24
j6027_10.sm,27,10,62,60,112,True,4,0,326,1.806452,0.754167,0.703841,5.4333,10,57,51;39;35;48
j6027_2.sm,27,2,62,60,112,True,4,0,277,1.806452,0.754167,0.700168,4.6167,10,74,29;33;24;31
j6027_3.sm,27,3,62,60,112,True,4,0,303,1.806452,0.754167,0.696482,5.05,10,76,35;27;32;26
j6027_4.sm,27,4,62,60,112,True,4,0,302,1.806452,0.754167,0.702391,5.0333,10,60,40;44;32;44
j6027_5.sm,27,5,62,60,112,True,4,0,344,1.806452,0.754167,0.697624,5.7333,10,78,38;34;37;28
j6027_6.sm,27,6,62,60,112,True,4,0,348,1.806452,0.754167,0.700171,5.8,10,64,43;39;42;33
j6027_7.sm,27,7,62,60,112,True,4,0,338,1.806452,0.754167,0.701319,5.6333,10,83,41;36;37;32
j6027_8.sm,27,8,62,60,112,True,4,0,325,1.806452,0.754167,0.70459,5.4167,10,88,37;25;34;34
j6027_9.sm,27,9,62,60,112,True,4,0,323,1.806452,0.754167,0.701493,5.3833,10,76,37;39;37;35
j6028_1.sm,28,1,62,60,112,True,4,0,354,1.806452,0.754167,1.0,5.9,10,92,49;32;42;38
j6028_10.sm,28,10,62,60,112,True,4,0,404,1.806452,0.754167,1.0,6.7333,10,74,68;64;48;55
j6028_2.sm,28,2,62,60,112,True,4,0,307,1.806452,0.754167,1.0,5.1167,10,64,45;32;52;53
j6028_3.sm,28,3,62,60,112,True,4,0,307,1.806452,0.754167,1.0,5.1167,10,72,35;47;45;39
j6028_4.sm,28,4,62,60,112,True,4,0,331,1.806452,0.754167,1.0,5.5167,10,84,36;53;44;33
j6028_5.sm,28,5,62,60,112,True,4,0,331,1.806452,0.754167,1.0,5.5167,10,71,61;57;55;47
j6028_6.sm,28,6,62,60,112,True,4,0,346,1.806452,0.754167,1.0,5.7667,10,89,46;37;34;46
j6028_7.sm,28,7,62,60,112,True,4,0,332,1.806452,0.754167,1.0,5.5333,10,75,61;53;58;58
j6028_8.sm,28,8,62,60,112,True,4,0,319,1.806452,0.754167,1.0,5.3167,10,62,40;38;33;49
j6028_9.sm,28,9,62,60,112,True,4,0,347,1.806452,0.754167,1.0,5.7833,10,74,51;47;44;46
j6029_1.sm,29,1,62,60,112,True,4,0,307,1.806452,1.0,0.193706,5.1167,10,59,21;18;21;19
j6029_10.sm,29,10,62,60,112,True,4,0,352,1.806452,1.0,0.201641,5.8667,10,70,22;18;19;22
j6029_2.sm,29,2,62,60,112,True,4,0,317,1.806452,1.0,0.191564,5.2833,10,88,18;17;17;16
j6029_3.sm,29,3,62,60,112,True,4,0,346,1.806452,1.0,0.200329,5.7667,10,72,20;20;19;21
j6029_4.sm,29,4,62,60,112,True,4,0,358,1.806452,1.0,0.202388,5.9667,10,75,18;18;18;19
j6029_5.sm,29,5,62,60,112,True,4,0,326,1.806452,1.0,0.196875,5.4333,10,77,20;20;19;21
j6029_6.sm,29,6,62,60,112,True,4,0,408,1.806452,1.0,0.19896,6.8,10,77,16;21;19;19
j6029_7.sm,29,7,62,60,112,True,4,0,308,1.806452,1.0,0.200271,5.1333,10,73,20;18;20;16
j6029_8.sm,29,8,62,60,112,True,4,0,322,1.806452,1.0,0.202477,5.3667,10,72,24;22;22;22
j6029_9.sm,29,9,62,60,112,True,4,0,306,1.806452,1.0,0.200037,5.1,10,70,18;20;19;18
j602_1.sm,2,1,62,60,93,True,4,0,324,1.5,0.25,0.519841,5.4,10,65,21;16;15;21
j602_10.sm,2,10,62,60,93,True,4,0,386,1.5,0.25,0.509615,6.4333,10,64,17;16;23;15
j602_2.sm,2,2,62,60,93,True,4,0,343,1.5,0.25,0.510402,5.7167,10,82,19;31;14;13
j602_3.sm,2,3,62,60,93,True,4,0,391,1.5,0.25,0.513889,6.5167,10,77,23;14;22;15
j602_4.sm,2,4,62,60,93,True,4,0,332,1.5,0.25,0.522487,5.5333,10,78,20;14;24;13
j602_5.sm,2,5,62,60,93,True,4,0,338,1.5,0.25,0.508662,5.6333,10,53,14;14;25;24
j602_6.sm,2,6,62,60,93,True,4,0,309,1.5,0.25,0.50463,5.15,10,61,17;24;17;18
j602_7.sm,2,7,62,60,93,True,4,0,336,1.5,0.25,0.511387,5.6,10,49,18;22;20;14
j602_8.sm,2,8,62,60,93,True,4,0,328,1.5,0.25,0.556373,5.4667,10,66,19;11;17;19
j602_9.sm,2,9,62,60,93,True,4,0,336,1.5,0.25,0.519781,5.6,10,65,24;27;16;16
j6030_1.sm,30,1,62,60,112,True,4,0,301,1.806452,1.0,0.505102,5.0167,10,70,35;36;30;35
j6030_10.sm,30,10,62,60,112,True,4,0,362,1.806452,1.0,0.506285,6.0333,10,81,33;32;29;32
j6030_2.sm,30,2,62,60,112,True,4,0,328,1.806452,1.0,0.502778,5.4667,10,65,32;33;30;30
j6030_3.sm,30,3,62,60,112,True,4,0,376,1.806452,1.0,0.505051,6.2667,10,80,33;33;38;29
j6030_4.sm,30,4,62,60,112,True,4,0,318,1.806452,1.0,0.506484,5.3,10,76,36;42;41;37
j6030_5.sm,30,5,62,60,112,True,4,0,363,1.806452,1.0,0.50266,6.05,10,72,34;36;39;37
j6030_6.sm,30,6,62,60,112,True,4,0,299,1.806452,1.0,0.501812,4.9833,10,68,33;45;36;37
j6030_7.sm,30,7,62,60,112,True,4,0,363,1.806452,1.0,0.509334,6.05,10,77,29;33;31;32
j6030_8.sm,30,8,62,60,112,True,4,0,316,1.806452,1.0,0.506515,5.2667,10,63,38;39;41;41
j6030_9.sm,30,9,62,60,112,True,4,0,352,1.806452,1.0,0.507407,5.8667,10,98,31;31;33;24
j6031_1.sm,31,1,62,60,112,True,4,0,307,1.806452,1.0,0.702372,5.1167,10,65,42;49;49;58
j6031_10.sm,31,10,62,60,112,True,4,0,314,1.806452,1.0,0.702002,5.2333,10,56,44;46;41;48
j6031_2.sm,31,2,62,60,112,True,4,0,342,1.806452,1.0,0.696249,5.7,10,74,46;39;44;44
j6031_3.sm,31,3,62,60,112,True,4,0,322,1.806452,1.0,0.700075,5.3667,10,66,54;46;44;43
j6031_4.sm,31,4,62,60,112,True,4,0,317,1.806452,1.0,0.701648,5.2833,10,68,35;39;36;43
j6031_5.sm,31,5,62,60,112,True,4,0,330,1.806452,1.0,0.701244,5.5,10,72,44;53;49;63
j6031_6.sm,31,6,62,60,112,True,4,0,388,1.806452,1.0,0.69964,6.4667,10,72,52;51;53;47
j6031_7.sm,31,7,62,60,112,True,4,0,319,1.806452,1.0,0.69825,5.3167,10,76,42;35;33;39
j6031_8.sm,31,8,62,60,112,True,4,0,335,1.806452,1.0,0.699487,5.5833,10,75,37;44;46;46
j6031_9.sm,31,9,62,60,112,True,4,0,374,1.806452,1.0,0.700676,6.2333,10,86,37;42;54;47
j6032_1.sm,32,1,62,60,112,True,4,0,337,1.806452,1.0,1.0,5.6167,10,69,60;79;76;65
j6032_10.sm,32,10,62,60,112,True,4,0,327,1.806452,1.0,1.0,5.45,10,77,44;45;53;45
j6032_2.sm,32,2,62,60,112,True,4,0,342,1.806452,1.0,1.0,5.7,10,114,50;44;44;43
j6032_3.sm,32,3,62,60,112,True,4,0,371,1.806452,1.0,1.0,6.1833,10,85,51;69;53;56
j6032_4.sm,32,4,62,60,112,True,4,0,307,1.806452,1.0,1.0,5.1167,10,56,73;72;76;53
j6032_5.sm,32,5,62,60,112,True,4,0,335,1.806452,1.0,1.0,5.5833,10,77,52;50;51;44
j6032_6.sm,32,6,62,60,112,True,4,0,324,1.806452,1.0,1.0,5.4,10,93,52;38;49;47
j6032_7.sm,32,7,62,60,112,True,4,0,334,1.806452,1.0,1.0,5.5667,10,76,52;57;44;46
j6032_8.sm,32,8,62,60,112,True,4,0,300,1.806452,1.0,1.0,5.0,10,76,49;52;53;58
j6032_9.sm,32,9,62,60,112,True,4,0,373,1.806452,1.0,1.0,6.2167,10,74,52;41;49;49
j6033_1.sm,33,1,62,60,131,True,4,0,346,2.112903,0.25,0.2125,5.7667,10,90,12;13;10;12
j6033_10.sm,33,10,62,60,131,True,4,0,318,2.112903,0.25,0.178044,5.3,10,69,12;10;10;13
j6033_2.sm,33,2,62,60,131,True,4,0,353,2.112903,0.25,0.172161,5.8833,10,100,13;12;11;13
j6033_3.sm,33,3,62,60,131,True,4,0,305,2.112903,0.25,0.157051,5.0833,10,77,10;13;13;11
j6033_4.sm,33,4,62,60,131,True,4,0,342,2.112903,0.25,0.191356,5.7,10,75,12;13;11;13
j6033_5.sm,33,5,62,60,131,True,4,0,371,2.112903,0.25,0.176623,6.1833,10,97,12;12;11;11
j6033_6.sm,33,6,62,60,131,True,4,0,341,2.112903,0.25,0.191096,5.6833,10,65,13;13;13;10
j6033_7.sm,33,7,62,60,131,True,4,0,341,2.112903,0.25,0.214352,5.6833,10,66,10;15;13;14
j6033_8.sm,33,8,62,60,131,True,4,0,326,2.112903,0.25,0.219479,5.4333,10,74,10;11;15;14
j6033_9.sm,33,9,62,60,131,True,4,0,343,2.112903,0.25,0.223764,5.7167,10,102,13;13;10;14
j6034_1.sm,34,1,62,60,131,True,4,0,329,2.112903,0.25,0.519231,5.4833,10,67,17;11;17;17
j6034_10.sm,34,10,62,60,131,True,4,0,361,2.112903,0.25,0.507353,6.0167,10,92,19;11;18;15
j6034_2.sm,34,2,62,60,131,True,4,0,328,2.112903,0.25,0.519697,5.4667,10,65,18;16;14;18
j6034_3.sm,34,3,62,60,131,True,4,0,308,2.112903,0.25,0.526282,5.1333,10,61,15;18;18;17
j6034_4.sm,34,4,62,60,131,True,4,0,317,2.112903,0.25,0.508333,5.2833,10,83,13;16;16;18
j6034_5.sm,34,5,62,60,131,True,4,0,312,2.112903,0.25,0.516667,5.2,10,80,14;18;14;18
j6034_6.sm,34,6,62,60,131,True,4,0,357,2.112903,0.25,0.523263,5.95,10,77,26;17;17;14
j6034_7.sm,34,7,62,60,131,True,4,0,326,2.112903,0.25,0.525,5.4333,10,83,17;22;12;13
j6034_8.sm,34,8,62,60,131,True,4,0,289,2.112903,0.25,0.520979,4.8167,10,61,15;15;13;16
j6034_9.sm,34,9,62,60,131,True,4,0,319,2.112903,0.25,0.544841,5.3167,10,77,13;15;20;19
j6035_1.sm,35,1,62,60,131,True,4,0,353,2.112903,0.25,0.71558,5.8833,10,78,16;16;17;26
j6035_10.sm,35,10,62,60,131,True,4,0,327,2.112903,0.25,0.724405,5.45,10,70,19;17;14;21
j6035_2.sm,35,2,62,60,131,True,4,0,365,2.112903,0.25,0.605556,6.0833,10,77,10;23;31;11
j6035_3.sm,35,3,62,60,131,True,4,0,338,2.112903,0.25,0.710985,5.6333,10,87,17;12;16;17
j6035_4.sm,35,4,62,60,131,True,4,0,315,2.112903,0.25,0.709127,5.25,10,72,23;20;21;16
j6035_5.sm,35,5,62,60,131,True,4,0,339,2.112903,0.25,0.725541,5.65,10,75,21;20;18;18
j6035_6.sm,35,6,62,60,131,True,4,0,316,2.112903,0.25,0.721875,5.2667,10,79,17;16;16;19
j6035_7.sm,35,7,62,60,131,True,4,0,323,2.112903,0.25,0.697304,5.3833,10,73,21;16;16;16
j6035_8.sm,35,8,62,60,131,True,4,0,357,2.112903,0.25,0.695707,5.95,10,75,18;18;23;16
j6035_9.sm,35,9,62,60,131,True,4,0,318,2.112903,0.25,0.71772,5.3,10,73,19;25;16;15
j6036_1.sm,36,1,62,60,131,True,4,0,296,2.112903,0.25,1.0,4.9333,10,61,18;17;28;17
j6036_10.sm,36,10,62,60,131,True,4,0,331,2.112903,0.25,1.0,5.5167,10,77,17;15;22;15
j6036_2.sm,36,2,62,60,131,True,4,0,302,2.112903,0.25,1.0,5.0333,10,75,24;12;35;10
j6036_3.sm,36,3,62,60,131,True,4,0,322,2.112903,0.25,1.0,5.3667,10,81,12;20;19;30
j6036_4.sm,36,4,62,60,131,True,4,0,327,2.112903,0.25,1.0,5.45,10,85,23;16;14;35
j6036_5.sm,36,5,62,60,131,True,4,0,283,2.112903,0.25,1.0,4.7167,10,57,21;18;28;21
j6036_6.sm,36,6,62,60,131,True,4,0,348,2.112903,0.25,1.0,5.8,10,76,23;20;31;21
j6036_7.sm,36,7,62,60,131,True,4,0,332,2.112903,0.25,1.0,5.5333,10,71,40;23;18;12
j6036_8.sm,36,8,62,60,131,True,4,0,335,2.112903,0.25,1.0,5.5833,10,69,33;16;30;22
j6036_9.sm,36,9,62,60,131,True,4,0,344,2.112903,0.25,1.0,5.7333,10,86,23;19;28;26
j6037_1.sm,37,1,62,60,131,True,4,0,300,2.112903,0.504167,0.197321,5.0,10,70,14;15;14;12
j6037_10.sm,37,10,62,60,131,True,4,0,340,2.112903,0.504167,0.210239,5.6667,10,86,15;16;15;15
j6037_2.sm,37,2,62,60,131,True,4,0,300,2.112903,0.504167,0.197887,5.0,10,68,14;15;14;16
j6037_3.sm,37,3,62,60,131,True,4,0,391,2.112903,0.504167,0.198473,6.5167,10,97,14;16;13;14
j6037_4.sm,37,4,62,60,131,True,4,0,333,2.112903,0.504167,0.197035,5.55,10,75,14;16;15;15
j6037_5.sm,37,5,62,60,131,True,4,0,303,2.112903,0.504167,0.179451,5.05,10,80,16;14;14;12
j6037_6.sm,37,6,62,60,131,True,4,0,346,2.112903,0.504167,0.192593,5.7667,10,62,15;15;15;15
j6037_7.sm,37,7,62,60,131,True,4,0,347,2.112903,0.504167,0.210003,5.7833,10,75,15;14;13;15
j6037_8.sm,37,8,62,60,131,True,4,0,320,2.112903,0.504167,0.210003,5.3333,10,79,15;15;14;13
j6037_9.sm,37,9,62,60,131,True,4,0,336,2.112903,0.504167,0.185923,5.6,10,77,14;17;15;13
j6038_1.sm,38,1,62,60,131,True,4,0,341,2.112903,0.504167,0.508065,5.6833,10,73,26;22;26;21
j6038_10.sm,38,10,62,60,131,True,4,0,332,2.112903,0.504167,0.505,5.5333,10,63,29;25;23;32
j6038_2.sm,38,2,62,60,131,True,4,0,362,2.112903,0.504167,0.514745,6.0333,10,71,23;25;22;19
j6038_3.sm,38,3,62,60,131,True,4,0,338,2.112903,0.504167,0.503571,5.6333,10,76,28;18;27;22
j6038_4.sm,38,4,62,60,131,True,4,0,310,2.112903,0.504167,0.513499,5.1667,10,58,25;26;23;22
j6038_5.sm,38,5,62,60,131,True,4,0,318,2.112903,0.504167,0.5,5.3,10,103,18;19;21;19
j6038_6.sm,38,6,62,60,131,True,4,0,343,2.112903,0.504167,0.525431,5.7167,10,86,25;22;19;17
j6038_7.sm,38,7,62,60,131,True,4,0,343,2.112903,0.504167,0.507353,5.7167,10,74,19;18;25;35
j6038_8.sm,38,8,62,60,131,True,4,0,353,2.112903,0.504167,0.520952,5.8833,10,68,23;23;21;23
j6038_9.sm,38,9,62,60,131,True,4,0,295,2.112903,0.504167,0.510064,4.9167,10,66,22;25;24;24
j6039_1.sm,39,1,62,60,131,True,4,0,324,2.112903,0.504167,0.702594,5.4,10,80,42;22;32;22
j6039_10.sm,39,10,62,60,131,True,4,0,315,2.112903,0.504167,0.714169,5.25,10,74,23;22;20;30
j6039_2.sm,39,2,62,60,131,True,4,0,358,2.112903,0.504167,0.70813,5.9667,10,84,23;34;28;29
j6039_3.sm,39,3,62,60,131,True,4,0,363,2.112903,0.504167,0.713553,6.05,10,83,21;30;24;19
j6039_4.sm,39,4,62,60,131,True,4,0,332,2.112903,0.504167,0.694701,5.5333,10,92,26;26;24;21
j6039_5.sm,39,5,62,60,131,True,4,0,322,2.112903,0.504167,0.711824,5.3667,10,73,22;23;33;23
j6039_6.sm,39,6,62,60,131,True,4,0,303,2.112903,0.504167,0.703119,5.05,10,83,20;24;19;22
j6039_7.sm,39,7,62,60,131,True,4,0,330,2.112903,0.504167,0.699952,5.5,10,68,28;28;31;21
j6039_8.sm,39,8,62,60,131,True,4,0,313,2.112903,0.504167,0.712246,5.2167,10,77,28;26;38;21
j6039_9.sm,39,9,62,60,131,True,4,0,338,2.112903,0.504167,0.704121,5.6333,10,72,25;25;29;23
j603_1.sm,3,1,62,60,93,True,4,0,332,1.5,0.25,0.697443,5.5333,10,60,20;21;18;21
j603_10.sm,3,10,62,60,93,True,4,0,334,1.5,0.25,0.758333,5.5667,10,67,13;16;21;16
j603_2.sm,3,2,62,60,93,True,4,0,332,1.5,0.25,0.701608,5.5333,10,69,13;23;23;21
j603_3.sm,3,3,62,60,93,True,4,0,359,1.5,0.25,0.726648,5.9833,10,102,16;19;18;16
j603_4.sm,3,4,62,60,93,True,4,0,342,1.5,0.25,0.698693,5.7,10,81,23;22;12;24
j603_5.sm,3,5,62,60,93,True,4,0,373,1.5,0.25,0.713289,6.2167,10,83,27;18;22;24
j603_6.sm,3,6,62,60,93,True,4,0,362,1.5,0.25,0.699796,6.0333,10,57,23;22;18;24
j603_7.sm,3,7,62,60,93,True,4,0,315,1.5,0.25,0.692593,5.25,10,58,18;29;20;14
j603_8.sm,3,8,62,60,93,True,4,0,318,1.5,0.25,0.688166,5.3,10,52,23;13;14;20
j603_9.sm,3,9,62,60,93,True,4,0,324,1.5,0.25,0.696709,5.4,10,63,33;14;24;25
j6040_1.sm,40,1,62,60,131,True,4,0,375,2.112903,0.504167,1.0,6.25,10,86,37;24;30;41
j6040_10.sm,40,10,62,60,131,True,4,0,306,2.112903,0.504167,1.0,5.1,10,73,36;23;26;31
j6040_2.sm,40,2,62,60,131,True,4,0,352,2.112903,0.504167,1.0,5.8667,10,81,31;39;26;31
j6040_3.sm,40,3,62,60,131,True,4,0,322,2.112903,0.504167,1.0,5.3667,10,70,37;31;38;29
j6040_4.sm,40,4,62,60,131,True,4,0,338,2.112903,0.504167,1.0,5.6333,10,87,19;34;30;31
j6040_5.sm,40,5,62,60,131,True,4,0,371,2.112903,0.504167,1.0,6.1833,10,83,31;33;25;41
j6040_6.sm,40,6,62,60,131,True,4,0,315,2.112903,0.504167,1.0,5.25,10,69,36;40;38;28
j6040_7.sm,40,7,62,60,131,True,4,0,312,2.112903,0.504167,1.0,5.2,10,68,45;32;30;30
j6040_8.sm,40,8,62,60,131,True,4,0,351,2.112903,0.504167,1.0,5.85,10,80,38;34;26;36
j6040_9.sm,40,9,62,60,131,True,4,0,342,2.112903,0.504167,1.0,5.7,10,90,29;34;33;29
j6041_1.sm,41,1,62,60,131,True,4,0,360,2.112903,0.754167,0.189104,6.0,10,91,16;14;16;16
j6041_10.sm,41,10,62,60,131,True,4,0,364,2.112903,0.754167,0.199338,6.0667,10,71,20;20;20;17
j6041_2.sm,41,2,62,60,131,True,4,0,329,2.112903,0.754167,0.201417,5.4833,10,81,16;18;17;19
j6041_3.sm,41,3,62,60,131,True,4,0,304,2.112903,0.754167,0.196532,5.0667,10,58,18;19;17;19
j6041_4.sm,41,4,62,60,131,True,4,0,332,2.112903,0.754167,0.19276,5.5333,10,100,16;15;15;15
j6041_5.sm,41,5,62,60,131,True,4,0,345,2.112903,0.754167,0.193422,5.75,10,67,15;16;18;18
j6041_6.sm,41,6,62,60,131,True,4,0,339,2.112903,0.754167,0.190046,5.65,10,82,17;16;15;16
j6041_7.sm,41,7,62,60,131,True,4,0,355,2.112903,0.754167,0.189949,5.9167,10,79,16;14;14;16
j6041_8.sm,41,8,62,60,131,True,4,0,352,2.112903,0.754167,0.186921,5.8667,10,95,16;16;16;15
j6041_9.sm,41,9,62,60,131,True,4,0,375,2.112903,0.754167,0.196676,6.25,10,80,15;17;22;16
j6042_1.sm,42,1,62,60,131,True,4,0,328,2.112903,0.754167,0.509885,5.4667,10,83,27;31;28;31
j6042_10.sm,42,10,62,60,131,True,4,0,298,2.112903,0.754167,0.508662,4.9667,10,87,24;26;26;22
j6042_2.sm,42,2,62,60,131,True,4,0,312,2.112903,0.754167,0.505929,5.2,10,68,29;25;35;29
j6042_3.sm,42,3,62,60,131,True,4,0,328,2.112903,0.754167,0.509259,5.4667,10,73,26;24;25;24
j6042_4.sm,42,4,62,60,131,True,4,0,357,2.112903,0.754167,0.50963,5.95,10,94,24;23;23;22
j6042_5.sm,42,5,62,60,131,True,4,0,319,2.112903,0.754167,0.505708,5.3167,10,73,24;31;31;34
j6042_6.sm,42,6,62,60,131,True,4,0,302,2.112903,0.754167,0.505952,5.0333,10,82,27;25;21;21
j6042_7.sm,42,7,62,60,131,True,4,0,268,2.112903,0.754167,0.503205,4.4667,10,55,25;25;30;30
j6042_8.sm,42,8,62,60,131,True,4,0,342,2.112903,0.754167,0.513777,5.7,10,78,22;23;25;26
j6042_9.sm,42,9,62,60,131,True,4,0,313,2.112903,0.754167,0.50766,5.2167,10,70,23;24;34;29
j6043_1.sm,43,1,62,60,131,True,4,0,334,2.112903,0.754167,0.695486,5.5667,10,108,32;35;31;24
j6043_10.sm,43,10,62,60,131,True,4,0,294,2.112903,0.754167,0.705197,4.9,10,78,42;24;32;31
j6043_2.sm,43,2,62,60,131,True,4,0,350,2.112903,0.754167,0.695157,5.8333,10,85,39;25;31;27
j6043_3.sm,43,3,62,60,131,True,4,0,334,2.112903,0.754167,0.701237,5.5667,10,74,37;36;35;42
j6043_4.sm,43,4,62,60,131,True,4,0,373,2.112903,0.754167,0.700139,6.2167,10,74,52;41;28;29
j6043_5.sm,43,5,62,60,131,True,4,0,301,2.112903,0.754167,0.701721,5.0167,10,64,31;37;39;34
j6043_6.sm,43,6,62,60,131,True,4,0,325,2.112903,0.754167,0.69437,5.4167,10,84,35;34;30;32
j6043_7.sm,43,7,62,60,131,True,4,0,309,2.112903,0.754167,0.69665,5.15,10,89,28;32;28;19
j6043_8.sm,43,8,62,60,131,True,4,0,347,2.112903,0.754167,0.705716,5.7833,10,69,46;44;42;42
j6043_9.sm,43,9,62,60,131,True,4,0,295,2.112903,0.754167,0.69879,4.9167,10,70,31;34;28;33
j6044_1.sm,44,1,62,60,131,True,4,0,323,2.112903,0.754167,1.0,5.3833,10,84,44;40;35;42
j6044_10.sm,44,10,62,60,131,True,4,0,300,2.112903,0.754167,1.0,5.0,10,65,44;35;42;49
j6044_2.sm,44,2,62,60,131,True,4,0,326,2.112903,0.754167,1.0,5.4333,10,68,44;50;37;42
j6044_3.sm,44,3,62,60,131,True,4,0,346,2.112903,0.754167,1.0,5.7667,10,87,43;37;57;40
j6044_4.sm,44,4,62,60,131,True,4,0,365,2.112903,0.754167,1.0,6.0833,10,77,50;50;47;38
j6044_5.sm,44,5,62,60,131,True,4,0,306,2.112903,0.754167,1.0,5.1,10,74,37;34;44;34
j6044_6.sm,44,6,62,60,131,True,4,0,320,2.112903,0.754167,1.0,5.3333,10,81,40;41;50;40
j6044_7.sm,44,7,62,60,131,True,4,0,299,2.112903,0.754167,1.0,4.9833,10,76,52;53;44;48
j6044_8.sm,44,8,62,60,131,True,4,0,319,2.112903,0.754167,1.0,5.3167,10,83,45;37;32;48
j6044_9.sm,44,9,62,60,131,True,4,0,325,2.112903,0.754167,1.0,5.4167,10,65,49;41;43;34
j6045_1.sm,45,1,62,60,131,True,4,0,305,2.112903,1.0,0.204001,5.0833,10,71,23;20;19;21
j6045_10.sm,45,10,62,60,131,True,4,0,312,2.112903,1.0,0.206192,5.2,10,61,21;21;19;18
j6045_2.sm,45,2,62,60,131,True,4,0,371,2.112903,1.0,0.197624,6.1833,10,78,18;18;18;18
j6045_3.sm,45,3,62,60,131,True,4,0,363,2.112903,1.0,0.198262,6.05,10,86,19;17;18;16
j6045_4.sm,45,4,62,60,131,True,4,0,289,2.112903,1.0,0.204628,4.8167,10,60,17;20;19;18
j6045_5.sm,45,5,62,60,131,True,4,0,310,2.112903,1.0,0.197648,5.1667,10,60,19;20;19;18
j6045_6.sm,45,6,62,60,131,True,4,0,382,2.112903,1.0,0.202485,6.3667,10,80,17;17;18;18
j6045_7.sm,45,7,62,60,131,True,4,0,305,2.112903,1.0,0.195143,5.0833,10,74,19;18;17;19
j6045_8.sm,45,8,62,60,131,True,4,0,362,2.112903,1.0,0.199183,6.0333,10,79,20;18;19;18
j6045_9.sm,45,9,62,60,131,True,4,0,328,2.112903,1.0,0.206988,5.4667,10,78,19;18;19;20
j6046_1.sm,46,1,62,60,131,True,4,0,320,2.112903,1.0,0.511498,5.3333,10,78,27;34;38;33
j6046_10.sm,46,10,62,60,131,True,4,0,345,2.112903,1.0,0.503788,5.75,10,79,27;32;28;26
j6046_2.sm,46,2,62,60,131,True,4,0,338,2.112903,1.0,0.506022,5.6333,10,78,36;28;34;34
j6046_3.sm,46,3,62,60,131,True,4,0,321,2.112903,1.0,0.502551,5.35,10,79,27;32;35;27
j6046_4.sm,46,4,62,60,131,True,4,0,329,2.112903,1.0,0.50266,5.4833,10,71,35;35;34;32
j6046_5.sm,46,5,62,60,131,True,4,0,350,2.112903,1.0,0.50266,5.8333,10,82,29;34;32;24
j6046_6.sm,46,6,62,60,131,True,4,0,308,2.112903,1.0,0.512653,5.1333,10,87,26;25;25;27
j6046_7.sm,46,7,62,60,131,True,4,0,310,2.112903,1.0,0.503205,5.1667,10,75,29;34;28;30
j6046_8.sm,46,8,62,60,131,True,4,0,347,2.112903,1.0,0.506112,5.7833,10,72,37;32;31;30
j6046_9.sm,46,9,62,60,131,True,4,0,329,2.112903,1.0,0.502049,5.4833,10,60,37;37;41;31
j6047_1.sm,47,1,62,60,131,True,4,0,343,2.112903,1.0,0.6962,5.7167,10,75,44;44;43;51
j6047_10.sm,47,10,62,60,131,True,4,0,321,2.112903,1.0,0.700249,5.35,10,66,44;39;40;43
j6047_2.sm,47,2,62,60,131,True,4,0,338,2.112903,1.0,0.696986,5.6333,10,66,45;44;42;54
j6047_3.sm,47,3,62,60,131,True,4,0,323,2.112903,1.0,0.706186,5.3833,10,69,37;34;44;38
j6047_4.sm,47,4,62,60,131,True,4,0,316,2.112903,1.0,0.699748,5.2667,10,76,44;39;37;30
j6047_5.sm,47,5,62,60,131,True,4,0,327,2.112903,1.0,0.704462,5.45,10,87,35;28;33;35
j6047_6.sm,47,6,62,60,131,True,4,0,323,2.112903,1.0,0.707829,5.3833,10,76,37;38;32;42
j6047_7.sm,47,7,62,60,131,True,4,0,334,2.112903,1.0,0.705139,5.5667,10,68,43;38;42;39
j6047_8.sm,47,8,62,60,131,True,4,0,307,2.112903,1.0,0.70193,5.1167,10,71,35;35;41;35
j6047_9.sm,47,9,62,60,131,True,4,0,323,2.112903,1.0,0.702379,5.3833,10,76,45;41;37;35
j6048_1.sm,48,1,62,60,131,True,4,0,333,2.112903,1.0,1.0,5.55,10,71,62;64;60;59
j6048_10.sm,48,10,62,60,131,True,4,0,311,2.112903,1.0,1.0,5.1833,10,70,41;44;56;52
j6048_2.sm,48,2,62,60,131,True,4,0,300,2.112903,1.0,1.0,5.0,10,87,48;55;46;49
j6048_3.sm,48,3,62,60,131,True,4,0,387,2.112903,1.0,1.0,6.45,10,84,58;57;49;40
j6048_4.sm,48,4,62,60,131,True,4,0,303,2.112903,1.0,1.0,5.05,10,62,56;41;55;47
j6048_5.sm,48,5,62,60,131,True,4,0,337,2.112903,1.0,1.0,5.6167,10,101,45;50;45;51
j6048_6.sm,48,6,62,60,131,True,4,0,320,2.112903,1.0,1.0,5.3333,10,66,55;49;44;47
j6048_7.sm,48,7,62,60,131,True,4,0,351,2.112903,1.0,1.0,5.85,10,77,56;57;49;46
j6048_8.sm,48,8,62,60,131,True,4,0,337,2.112903,1.0,1.0,5.6167,10,88,40;39;48;48
j6048_9.sm,48,9,62,60,131,True,4,0,317,2.112903,1.0,1.0,5.2833,10,82,52;50;54;39
j604_1.sm,4,1,62,60,93,True,4,0,382,1.5,0.25,1.0,6.3667,10,84,33;23;26;26
j604_10.sm,4,10,62,60,93,True,4,0,321,1.5,0.25,1.0,5.35,10,77,22;17;12;29
j604_2.sm,4,2,62,60,93,True,4,0,321,1.5,0.25,1.0,5.35,10,60,22;34;30;28
j604_3.sm,4,3,62,60,93,True,4,0,332,1.5,0.25,1.0,5.5333,10,58,31;25;35;23
j604_4.sm,4,4,62,60,93,True,4,0,322,1.5,0.25,1.0,5.3667,10,65,28;20;18;17
j604_5.sm,4,5,62,60,93,True,4,0,345,1.5,0.25,1.0,5.75,10,75,22;23;28;26
j604_6.sm,4,6,62,60,93,True,4,0,306,1.5,0.25,1.0,5.1,10,71,23;31;16;24
j604_7.sm,4,7,62,60,93,True,4,0,333,1.5,0.25,1.0,5.55,10,67,20;29;32;29
j604_8.sm,4,8,62,60,93,True,4,0,306,1.5,0.25,1.0,5.1,10,65,27;19;32;27
j604_9.sm,4,9,62,60,93,True,4,0,332,1.5,0.25,1.0,5.5333,10,75,23;36;31;16
j605_1.sm,5,1,62,60,93,True,4,0,284,1.5,0.504167,0.190469,4.7333,10,59,15;18;17;16
j605_10.sm,5,10,62,60,93,True,4,0,329,1.5,0.504167,0.196532,5.4833,10,68,19;14;19;20
j605_2.sm,5,2,62,60,93,True,4,0,345,1.5,0.504167,0.205098,5.75,10,76,16;16;15;14
j605_3.sm,5,3,62,60,93,True,4,0,337,1.5,0.504167,0.203136,5.6167,10,59,18;14;20;16
j605_4.sm,5,4,62,60,93,True,4,0,292,1.5,0.504167,0.210539,4.8667,10,53,14;16;18;14
j605_5.sm,5,5,62,60,93,True,4,0,350,1.5,0.504167,0.206158,5.8333,10,79,15;13;13;16
j605_6.sm,5,6,62,60,93,True,4,0,313,1.5,0.504167,0.206403,5.2167,10,64,17;16;15;22
j605_7.sm,5,7,62,60,93,True,4,0,294,1.5,0.504167,0.196296,4.9,10,51,15;15;14;16
j605_8.sm,5,8,62,60,93,True,4,0,323,1.5,0.504167,0.197914,5.3833,10,65,17;14;13;19
j605_9.sm,5,9,62,60,93,True,4,0,309,1.5,0.504167,0.193396,5.15,10,82,14;13;14;17
j606_1.sm,6,1,62,60,93,True,4,0,331,1.5,0.504167,0.511387,5.5167,10,60,24;21;22;31
j606_10.sm,6,10,62,60,93,True,4,0,310,1.5,0.504167,0.507353,5.1667,10,74,19;28;32;21
j606_2.sm,6,2,62,60,93,True,4,0,346,1.5,0.504167,0.513768,5.7667,10,66,18;24;22;25
j606_3.sm,6,3,62,60,93,True,4,0,336,1.5,0.504167,0.505435,5.6,10,72,21;21;20;21
j606_4.sm,6,4,62,60,93,True,4,0,342,1.5,0.504167,0.509032,5.7,10,67,23;26;31;27
j606_5.sm,6,5,62,60,93,True,4,0,383,1.5,0.504167,0.511213,6.3833,10,78,29;30;24;28
j606_6.sm,6,6,62,60,93,True,4,0,337,1.5,0.504167,0.5,5.6167,10,53,23;28;24;24
j606_7.sm,6,7,62,60,93,True,4,0,316,1.5,0.504167,0.5,5.2667,10,60,26;31;24;22
j606_8.sm,6,8,62,60,93,True,4,0,345,1.5,0.504167,0.50431,5.75,10,72,23;21;25;24
j606_9.sm,6,9,62,60,93,True,4,0,321,1.5,0.504167,0.512535,5.35,10,64,38;21;25;25
j607_1.sm,7,1,62,60,93,True,4,0,336,1.5,0.504167,0.70299,5.6,10,77,31;40;31;35
j607_10.sm,7,10,62,60,93,True,4,0,330,1.5,0.504167,0.694626,5.5,10,82,37;32;23;37
j607_2.sm,7,2,62,60,93,True,4,0,315,1.5,0.504167,0.716947,5.25,10,85,25;21;35;20
j607_3.sm,7,3,62,60,93,True,4,0,326,1.5,0.504167,0.70625,5.4333,10,62,36;34;43;25
j607_4.sm,7,4,62,60,93,True,4,0,362,1.5,0.504167,0.703151,6.0333,10,63,43;31;39;27
j607_5.sm,7,5,62,60,93,True,4,0,292,1.5,0.504167,0.691753,4.8667,10,71,30;22;30;25
j607_6.sm,7,6,62,60,93,True,4,0,298,1.5,0.504167,0.706541,4.9667,10,65,21;32;26;32
j607_7.sm,7,7,62,60,93,True,4,0,378,1.5,0.504167,0.702203,6.3,10,89,40;30;28;41
j607_8.sm,7,8,62,60,93,True,4,0,310,1.5,0.504167,0.697222,5.1667,10,66,30;28;36;44
j607_9.sm,7,9,62,60,93,True,4,0,297,1.5,0.504167,0.709681,4.95,10,44,28;28;50;33
j608_1.sm,8,1,62,60,93,True,4,0,326,1.5,0.504167,1.0,5.4333,10,64,48;50;40;36
j608_10.sm,8,10,62,60,93,True,4,0,373,1.5,0.504167,1.0,6.2167,10,97,39;56;36;27
j608_2.sm,8,2,62,60,93,True,4,0,370,1.5,0.504167,1.0,6.1667,10,61,48;48;36;50
j608_3.sm,8,3,62,60,93,True,4,0,315,1.5,0.504167,1.0,5.25,10,79,38;25;34;35
j608_4.sm,8,4,62,60,93,True,4,0,350,1.5,0.504167,1.0,5.8333,10,64,55;49;38;34
j608_5.sm,8,5,62,60,93,True,4,0,345,1.5,0.504167,1.0,5.75,10,83,30;37;45;35
j608_6.sm,8,6,62,60,93,True,4,0,337,1.5,0.504167,1.0,5.6167,10,56,49;41;47;38
j608_7.sm,8,7,62,60,93,True,4,0,352,1.5,0.504167,1.0,5.8667,10,62,38;38;43;42
j608_8.sm,8,8,62,60,93,True,4,0,313,1.5,0.504167,1.0,5.2167,9,66,41;43;40;30
j608_9.sm,8,9,62,60,93,True,4,0,312,1.5,0.504167,1.0,5.2,10,58,40;34;47;43
j609_1.sm,9,1,62,60,93,True,4,0,305,1.5,0.754167,0.199024,5.0833,10,59,22;19;22;21
j609_10.sm,9,10,62,60,93,True,4,0,322,1.5,0.754167,0.201348,5.3667,10,65,17;20;17;20
j609_2.sm,9,2,62,60,93,True,4,0,284,1.5,0.754167,0.209124,4.7333,10,71,17;19;19;18
j609_3.sm,9,3,62,60,93,True,4,0,305,1.5,0.754167,0.187246,5.0833,10,65,14;16;14;17
j609_4.sm,9,4,62,60,93,True,4,0,311,1.5,0.754167,0.198515,5.1833,10,65,20;17;16;21
j609_5.sm,9,5,62,60,93,True,4,0,308,1.5,0.754167,0.201408,5.1333,10,52,20;19;18;18
j609_6.sm,9,6,62,60,93,True,4,0,390,1.5,0.754167,0.199702,6.5,10,90,20;20;18;18
j609_7.sm,9,7,62,60,93,True,4,0,351,1.5,0.754167,0.195696,5.85,10,74,20;19;18;19
j609_8.sm,9,8,62,60,93,True,4,0,341,1.5,0.754167,0.201801,5.6833,10,65,17;19;18;20
j609_9.sm,9,9,62,60,93,True,4,0,355,1.5,0.754167,0.205851,5.9167,10,80,18;21;19;20
