par,ai,ci,nominal,canto,arquivo,diferenca
amostra_01,56,65,False,00,j6010_1.sm,0.0
amostra_01,56,65,False,00,j6021_1.sm,0.0
amostra_01,56,65,False,00,j6032_1.sm,0.004166666666666666
amostra_01,56,65,False,00,j6043_1.sm,0.0
amostra_01,56,65,False,10,j6010_1.sm,-0.03333333333333334
amostra_01,56,65,False,10,j6021_1.sm,0.02916666666666666
amostra_01,56,65,False,10,j6032_1.sm,0.016666666666666663
amostra_01,56,65,False,10,j6043_1.sm,-0.029166666666666667
amostra_01,56,65,False,01,j6010_1.sm,0.0
amostra_01,56,65,False,01,j6021_1.sm,0.0
amostra_01,56,65,False,01,j6032_1.sm,0.008333333333333331
amostra_01,56,65,False,01,j6043_1.sm,0.0
amostra_01,56,65,False,11,j6010_1.sm,0.04166666666666666
amostra_01,56,65,False,11,j6021_1.sm,-0.037500000000000006
amostra_01,56,65,False,11,j6032_1.sm,0.04583333333333334
amostra_01,56,65,False,11,j6043_1.sm,0.012499999999999997
amostra_02,17,9,False,00,j6010_1.sm,0.008333333333333331
amostra_02,17,9,False,00,j6021_1.sm,0.058333333333333334
amostra_02,17,9,False,00,j6032_1.sm,-0.02499999999999998
amostra_02,17,9,False,00,j6043_1.sm,-0.012499999999999997
amostra_02,17,9,False,10,j6010_1.sm,-0.029166666666666674
amostra_02,17,9,False,10,j6021_1.sm,0.008333333333333331
amostra_02,17,9,False,10,j6032_1.sm,0.012499999999999983
amostra_02,17,9,False,10,j6043_1.sm,-0.004166666666666673
amostra_02,17,9,False,01,j6010_1.sm,-0.012499999999999997
amostra_02,17,9,False,01,j6021_1.sm,-0.029166666666666646
amostra_02,17,9,False,01,j6032_1.sm,-0.008333333333333345
amostra_02,17,9,False,01,j6043_1.sm,-0.012499999999999997
amostra_02,17,9,False,11,j6010_1.sm,0.04166666666666667
amostra_02,17,9,False,11,j6021_1.sm,-0.02500000000000001
amostra_02,17,9,False,11,j6032_1.sm,0.004166666666666652
amostra_02,17,9,False,11,j6043_1.sm,0.01666666666666667
amostra_03,62,68,False,00,j6010_1.sm,-0.004166666666666673
amostra_03,62,68,False,00,j6021_1.sm,-0.054166666666666655
amostra_03,62,68,False,00,j6032_1.sm,-0.024999999999999994
amostra_03,62,68,False,00,j6043_1.sm,0.02083333333333333
amostra_03,62,68,False,10,j6010_1.sm,0.0
amostra_03,62,68,False,10,j6021_1.sm,-0.02083333333333333
amostra_03,62,68,False,10,j6032_1.sm,-0.012500000000000004
amostra_03,62,68,False,10,j6043_1.sm,0.004166666666666673
amostra_03,62,68,False,01,j6010_1.sm,0.06666666666666668
amostra_03,62,68,False,01,j6021_1.sm,0.024999999999999994
amostra_03,62,68,False,01,j6032_1.sm,0.012499999999999997
amostra_03,62,68,False,01,j6043_1.sm,-0.0375
amostra_03,62,68,False,11,j6010_1.sm,0.07499999999999998
amostra_03,62,68,False,11,j6021_1.sm,-0.05000000000000001
amostra_03,62,68,False,11,j6032_1.sm,-0.004166666666666652
amostra_03,62,68,False,11,j6043_1.sm,0.04583333333333333
amostra_04,2,18,False,00,j6010_1.sm,-0.012499999999999997
amostra_04,2,18,False,00,j6021_1.sm,0.016666666666666663
amostra_04,2,18,False,00,j6032_1.sm,-0.020833333333333315
amostra_04,2,18,False,00,j6043_1.sm,-6.938893903907228e-18
amostra_04,2,18,False,10,j6010_1.sm,-0.004166666666666666
amostra_04,2,18,False,10,j6021_1.sm,-0.01666666666666665
amostra_04,2,18,False,10,j6032_1.sm,-0.020833333333333343
amostra_04,2,18,False,10,j6043_1.sm,-0.04166666666666667
amostra_04,2,18,False,01,j6010_1.sm,-0.008333333333333331
amostra_04,2,18,False,01,j6021_1.sm,-0.008333333333333331
amostra_04,2,18,False,01,j6032_1.sm,0.05
amostra_04,2,18,False,01,j6043_1.sm,0.004166666666666659
amostra_04,2,18,False,11,j6010_1.sm,-0.016666666666666663
amostra_04,2,18,False,11,j6021_1.sm,-0.016666666666666677
amostra_04,2,18,False,11,j6032_1.sm,0.020833333333333343
amostra_04,2,18,False,11,j6043_1.sm,0.05833333333333333
amostra_05,62,73,False,00,j6010_1.sm,-0.00416666666666668
amostra_05,62,73,False,00,j6021_1.sm,-0.03749999999999999
amostra_05,62,73,False,00,j6032_1.sm,-0.04166666666666665
amostra_05,62,73,False,00,j6043_1.sm,0.02083333333333333
amostra_05,62,73,False,10,j6010_1.sm,-0.016666666666666663
amostra_05,62,73,False,10,j6021_1.sm,-0.07916666666666666
amostra_05,62,73,False,10,j6032_1.sm,-0.049999999999999996
amostra_05,62,73,False,10,j6043_1.sm,0.004166666666666666
amostra_05,62,73,False,01,j6010_1.sm,0.05416666666666667
amostra_05,62,73,False,01,j6021_1.sm,-0.004166666666666666
amostra_05,62,73,False,01,j6032_1.sm,0.024999999999999994
amostra_05,62,73,False,01,j6043_1.sm,-0.012500000000000004
amostra_05,62,73,False,11,j6010_1.sm,0.05416666666666666
amostra_05,62,73,False,11,j6021_1.sm,-6.938893903907228e-18
amostra_05,62,73,False,11,j6032_1.sm,6.938893903907228e-18
amostra_05,62,73,False,11,j6043_1.sm,0.02083333333333333
amostra_06,11,18,False,00,j6010_1.sm,-0.012499999999999997
amostra_06,11,18,False,00,j6021_1.sm,0.016666666666666663
amostra_06,11,18,False,00,j6032_1.sm,-0.020833333333333315
amostra_06,11,18,False,00,j6043_1.sm,-6.938893903907228e-18
amostra_06,11,18,False,10,j6010_1.sm,0.033333333333333326
amostra_06,11,18,False,10,j6021_1.sm,0.0
amostra_06,11,18,False,10,j6032_1.sm,0.03749999999999998
amostra_06,11,18,False,10,j6043_1.sm,-0.025
amostra_06,11,18,False,01,j6010_1.sm,-0.008333333333333331
amostra_06,11,18,False,01,j6021_1.sm,-0.008333333333333331
amostra_06,11,18,False,01,j6032_1.sm,0.05
amostra_06,11,18,False,01,j6043_1.sm,0.004166666666666659
amostra_06,11,18,False,11,j6010_1.sm,-0.05416666666666666
amostra_06,11,18,False,11,j6021_1.sm,-0.020833333333333343
amostra_06,11,18,False,11,j6032_1.sm,0.033333333333333354
amostra_06,11,18,False,11,j6043_1.sm,0.07916666666666666
amostra_07,68,66,False,00,j6010_1.sm,0.02916666666666666
amostra_07,68,66,False,00,j6021_1.sm,-0.008333333333333331
amostra_07,68,66,False,00,j6032_1.sm,0.03749999999999999
amostra_07,68,66,False,00,j6043_1.sm,0.004166666666666673
amostra_07,68,66,False,10,j6010_1.sm,0.004166666666666666
amostra_07,68,66,False,10,j6021_1.sm,-0.03750000000000002
amostra_07,68,66,False,10,j6032_1.sm,0.024999999999999994
amostra_07,68,66,False,10,j6043_1.sm,-0.00416666666666668
amostra_07,68,66,False,01,j6010_1.sm,0.0
amostra_07,68,66,False,01,j6021_1.sm,-0.037500000000000006
amostra_07,68,66,False,01,j6032_1.sm,-0.02500000000000001
amostra_07,68,66,False,01,j6043_1.sm,0.05833333333333333
amostra_07,68,66,False,11,j6010_1.sm,-0.09999999999999999
amostra_07,68,66,False,11,j6021_1.sm,0.04583333333333334
amostra_07,68,66,False,11,j6032_1.sm,0.07083333333333332
amostra_07,68,66,False,11,j6043_1.sm,0.008333333333333331
amostra_08,64,9,False,00,j6010_1.sm,-0.06666666666666665
amostra_08,64,9,False,00,j6021_1.sm,-0.016666666666666677
amostra_08,64,9,False,00,j6032_1.sm,-0.04583333333333333
amostra_08,64,9,False,00,j6043_1.sm,-0.016666666666666663
amostra_08,64,9,False,10,j6010_1.sm,-0.04583333333333333
amostra_08,64,9,False,10,j6021_1.sm,0.016666666666666677
amostra_08,64,9,False,10,j6032_1.sm,0.05416666666666666
amostra_08,64,9,False,10,j6043_1.sm,-0.05
amostra_08,64,9,False,01,j6010_1.sm,-0.08333333333333331
amostra_08,64,9,False,01,j6021_1.sm,-0.024999999999999994
amostra_08,64,9,False,01,j6032_1.sm,-0.037500000000000006
amostra_08,64,9,False,01,j6043_1.sm,0.0
amostra_08,64,9,False,11,j6010_1.sm,0.058333333333333334
amostra_08,64,9,False,11,j6021_1.sm,-0.024999999999999994
amostra_08,64,9,False,11,j6032_1.sm,-0.01666666666666667
amostra_08,64,9,False,11,j6043_1.sm,0.03333333333333333
amostra_09,7,9,False,00,j6010_1.sm,-0.016666666666666663
amostra_09,7,9,False,00,j6021_1.sm,0.033333333333333326
amostra_09,7,9,False,00,j6032_1.sm,-0.004166666666666652
amostra_09,7,9,False,00,j6043_1.sm,0.004166666666666666
amostra_09,7,9,False,10,j6010_1.sm,-0.012500000000000004
amostra_09,7,9,False,10,j6021_1.sm,-0.016666666666666663
amostra_09,7,9,False,10,j6032_1.sm,0.05416666666666666
amostra_09,7,9,False,10,j6043_1.sm,0.037499999999999985
amostra_09,7,9,False,01,j6010_1.sm,-0.004166666666666666
amostra_09,7,9,False,01,j6021_1.sm,-0.03749999999999999
amostra_09,7,9,False,01,j6032_1.sm,-0.00416666666666668
amostra_09,7,9,False,01,j6043_1.sm,0.0
amostra_09,7,9,False,11,j6010_1.sm,0.04583333333333333
amostra_09,7,9,False,11,j6021_1.sm,-0.04166666666666667
amostra_09,7,9,False,11,j6032_1.sm,0.0
amostra_09,7,9,False,11,j6043_1.sm,0.11249999999999999
amostra_10,8,19,False,00,j6010_1.sm,-0.004166666666666666
amostra_10,8,19,False,00,j6021_1.sm,0.05416666666666668
amostra_10,8,19,False,00,j6032_1.sm,-0.004166666666666666
amostra_10,8,19,False,00,j6043_1.sm,-0.02500000000000001
amostra_10,8,19,False,10,j6010_1.sm,-0.04999999999999999
amostra_10,8,19,False,10,j6021_1.sm,0.008333333333333325
amostra_10,8,19,False,10,j6032_1.sm,-0.024999999999999994
amostra_10,8,19,False,10,j6043_1.sm,0.04166666666666667
amostra_10,8,19,False,01,j6010_1.sm,-0.02083333333333333
amostra_10,8,19,False,01,j6021_1.sm,0.008333333333333345
amostra_10,8,19,False,01,j6032_1.sm,-0.05
amostra_10,8,19,False,01,j6043_1.sm,-0.008333333333333325
amostra_10,8,19,False,11,j6010_1.sm,-0.05833333333333334
amostra_10,8,19,False,11,j6021_1.sm,0.020833333333333322
amostra_10,8,19,False,11,j6032_1.sm,0.0625
amostra_10,8,19,False,11,j6043_1.sm,0.04999999999999999
amostra_11,79,49,False,00,j6010_1.sm,-0.03333333333333334
amostra_11,79,49,False,00,j6021_1.sm,0.008333333333333331
amostra_11,79,49,False,00,j6032_1.sm,-0.06250000000000001
amostra_11,79,49,False,00,j6043_1.sm,0.024999999999999994
amostra_11,79,49,False,10,j6010_1.sm,-0.07916666666666666
amostra_11,79,49,False,10,j6021_1.sm,-0.024999999999999994
amostra_11,79,49,False,10,j6032_1.sm,0.03750000000000001
amostra_11,79,49,False,10,j6043_1.sm,-0.025
amostra_11,79,49,False,01,j6010_1.sm,0.041666666666666664
amostra_11,79,49,False,01,j6021_1.sm,-0.008333333333333325
amostra_11,79,49,False,01,j6032_1.sm,0.04583333333333334
amostra_11,79,49,False,01,j6043_1.sm,-0.004166666666666659
amostra_11,79,49,False,11,j6010_1.sm,0.05000000000000002
amostra_11,79,49,False,11,j6021_1.sm,0.058333333333333334
amostra_11,79,49,False,11,j6032_1.sm,0.008333333333333338
amostra_11,79,49,False,11,j6043_1.sm,-0.037499999999999985
amostra_12,61,55,False,00,j6010_1.sm,0.02499999999999998
amostra_12,61,55,False,00,j6021_1.sm,-0.033333333333333326
amostra_12,61,55,False,00,j6032_1.sm,-0.020833333333333322
amostra_12,61,55,False,00,j6043_1.sm,0.008333333333333331
amostra_12,61,55,False,10,j6010_1.sm,-0.05416666666666666
amostra_12,61,55,False,10,j6021_1.sm,-0.03749999999999999
amostra_12,61,55,False,10,j6032_1.sm,0.07083333333333333
amostra_12,61,55,False,10,j6043_1.sm,0.0875
amostra_12,61,55,False,01,j6010_1.sm,0.016666666666666656
amostra_12,61,55,False,01,j6021_1.sm,-0.024999999999999994
amostra_12,61,55,False,01,j6032_1.sm,0.020833333333333343
amostra_12,61,55,False,01,j6043_1.sm,-0.02083333333333333
amostra_12,61,55,False,11,j6010_1.sm,0.012499999999999997
amostra_12,61,55,False,11,j6021_1.sm,0.02083333333333333
amostra_12,61,55,False,11,j6032_1.sm,0.008333333333333338
amostra_12,61,55,False,11,j6043_1.sm,0.016666666666666663
amostra_13,60,3,False,00,j6010_1.sm,-0.03333333333333332
amostra_13,60,3,False,00,j6021_1.sm,-0.08750000000000001
amostra_13,60,3,False,00,j6032_1.sm,-0.07083333333333333
amostra_13,60,3,False,00,j6043_1.sm,-0.016666666666666663
amostra_13,60,3,False,10,j6010_1.sm,0.012500000000000011
amostra_13,60,3,False,10,j6021_1.sm,-0.062499999999999986
amostra_13,60,3,False,10,j6032_1.sm,-0.033333333333333326
amostra_13,60,3,False,10,j6043_1.sm,-0.03749999999999999
amostra_13,60,3,False,01,j6010_1.sm,-0.02500000000000001
amostra_13,60,3,False,01,j6021_1.sm,-0.07916666666666666
amostra_13,60,3,False,01,j6032_1.sm,-0.09166666666666666
amostra_13,60,3,False,01,j6043_1.sm,0.03333333333333333
amostra_13,60,3,False,11,j6010_1.sm,0.0
amostra_13,60,3,False,11,j6021_1.sm,0.016666666666666677
amostra_13,60,3,False,11,j6032_1.sm,-0.012499999999999983
amostra_13,60,3,False,11,j6043_1.sm,0.008333333333333331
amostra_14,8,14,False,00,j6010_1.sm,0.0
amostra_14,8,14,False,00,j6021_1.sm,0.03750000000000002
amostra_14,8,14,False,00,j6032_1.sm,-0.004166666666666666
amostra_14,8,14,False,00,j6043_1.sm,-0.025
amostra_14,8,14,False,10,j6010_1.sm,0.04583333333333334
amostra_14,8,14,False,10,j6021_1.sm,-0.0375
amostra_14,8,14,False,10,j6032_1.sm,0.05
amostra_14,8,14,False,10,j6043_1.sm,0.09166666666666667
amostra_14,8,14,False,01,j6010_1.sm,-0.02916666666666666
amostra_14,8,14,False,01,j6021_1.sm,-0.012499999999999983
amostra_14,8,14,False,01,j6032_1.sm,-0.05833333333333335
amostra_14,8,14,False,01,j6043_1.sm,0.01666666666666667
amostra_14,8,14,False,11,j6010_1.sm,0.03749999999999999
amostra_14,8,14,False,11,j6021_1.sm,0.029166666666666667
amostra_14,8,14,False,11,j6032_1.sm,1.3877787807814457e-17
amostra_14,8,14,False,11,j6043_1.sm,-0.012500000000000011
amostra_15,62,77,False,00,j6010_1.sm,-0.004166666666666673
amostra_15,62,77,False,00,j6021_1.sm,-0.054166666666666655
amostra_15,62,77,False,00,j6032_1.sm,-0.04166666666666667
amostra_15,62,77,False,00,j6043_1.sm,0.049999999999999996
amostra_15,62,77,False,10,j6010_1.sm,-0.025
amostra_15,62,77,False,10,j6021_1.sm,-0.04583333333333334
amostra_15,62,77,False,10,j6032_1.sm,-0.020833333333333336
amostra_15,62,77,False,10,j6043_1.sm,0.0625
amostra_15,62,77,False,01,j6010_1.sm,0.06666666666666668
amostra_15,62,77,False,01,j6021_1.sm,0.024999999999999994
amostra_15,62,77,False,01,j6032_1.sm,0.0
amostra_15,62,77,False,01,j6043_1.sm,-0.049999999999999996
amostra_15,62,77,False,11,j6010_1.sm,0.05416666666666665
amostra_15,62,77,False,11,j6021_1.sm,-0.07083333333333335
amostra_15,62,77,False,11,j6032_1.sm,0.041666666666666664
amostra_15,62,77,False,11,j6043_1.sm,0.04583333333333334
amostra_16,78,51,False,00,j6010_1.sm,0.016666666666666677
amostra_16,78,51,False,00,j6021_1.sm,-0.0625
amostra_16,78,51,False,00,j6032_1.sm,-0.01666666666666667
amostra_16,78,51,False,00,j6043_1.sm,0.0375
amostra_16,78,51,False,10,j6010_1.sm,6.938893903907228e-18
amostra_16,78,51,False,10,j6021_1.sm,-0.04166666666666666
amostra_16,78,51,False,10,j6032_1.sm,0.037500000000000006
amostra_16,78,51,False,10,j6043_1.sm,-0.03749999999999999
amostra_16,78,51,False,01,j6010_1.sm,-0.01666666666666667
amostra_16,78,51,False,01,j6021_1.sm,-0.04166666666666666
amostra_16,78,51,False,01,j6032_1.sm,-0.04999999999999999
amostra_16,78,51,False,01,j6043_1.sm,6.938893903907228e-18
amostra_16,78,51,False,11,j6010_1.sm,-0.033333333333333326
amostra_16,78,51,False,11,j6021_1.sm,0.04583333333333332
amostra_16,78,51,False,11,j6032_1.sm,-0.004166666666666659
amostra_16,78,51,False,11,j6043_1.sm,0.020833333333333336
amostra_17,34,51,False,00,j6010_1.sm,6.938893903907228e-18
amostra_17,34,51,False,00,j6021_1.sm,-0.020833333333333343
amostra_17,34,51,False,00,j6032_1.sm,0.008333333333333331
amostra_17,34,51,False,00,j6043_1.sm,-0.04583333333333333
amostra_17,34,51,False,10,j6010_1.sm,0.05000000000000001
amostra_17,34,51,False,10,j6021_1.sm,0.012499999999999997
amostra_17,34,51,False,10,j6032_1.sm,0.016666666666666656
amostra_17,34,51,False,10,j6043_1.sm,-0.02083333333333333
amostra_17,34,51,False,01,j6010_1.sm,0.008333333333333331
amostra_17,34,51,False,01,j6021_1.sm,-0.029166666666666667
amostra_17,34,51,False,01,j6032_1.sm,0.012500000000000011
amostra_17,34,51,False,01,j6043_1.sm,-0.033333333333333326
amostra_17,34,51,False,11,j6010_1.sm,0.04166666666666668
amostra_17,34,51,False,11,j6021_1.sm,0.02083333333333333
amostra_17,34,51,False,11,j6032_1.sm,0.03333333333333333
amostra_17,34,51,False,11,j6043_1.sm,0.02916666666666666
amostra_18,31,19,False,00,j6010_1.sm,-0.0875
amostra_18,31,19,False,00,j6021_1.sm,0.008333333333333331
amostra_18,31,19,False,00,j6032_1.sm,-0.07916666666666666
amostra_18,31,19,False,00,j6043_1.sm,-0.025000000000000015
amostra_18,31,19,False,10,j6010_1.sm,-0.11249999999999999
amostra_18,31,19,False,10,j6021_1.sm,0.075
amostra_18,31,19,False,10,j6032_1.sm,-0.03333333333333334
amostra_18,31,19,False,10,j6043_1.sm,-0.075
amostra_18,31,19,False,01,j6010_1.sm,-0.08333333333333331
amostra_18,31,19,False,01,j6021_1.sm,0.020833333333333343
amostra_18,31,19,False,01,j6032_1.sm,-0.07916666666666665
amostra_18,31,19,False,01,j6043_1.sm,-0.033333333333333326
amostra_18,31,19,False,11,j6010_1.sm,-0.058333333333333334
amostra_18,31,19,False,11,j6021_1.sm,0.0375
amostra_18,31,19,False,11,j6032_1.sm,0.016666666666666663
amostra_18,31,19,False,11,j6043_1.sm,0.04999999999999999
amostra_19,67,10,False,00,j6010_1.sm,-0.10833333333333331
amostra_19,67,10,False,00,j6021_1.sm,-0.004166666666666666
amostra_19,67,10,False,00,j6032_1.sm,-0.024999999999999994
amostra_19,67,10,False,00,j6043_1.sm,-0.00416666666666668
amostra_19,67,10,False,10,j6010_1.sm,-0.01666666666666667
amostra_19,67,10,False,10,j6021_1.sm,0.02083333333333333
amostra_19,67,10,False,10,j6032_1.sm,-0.033333333333333326
amostra_19,67,10,False,10,j6043_1.sm,-0.04583333333333333
amostra_19,67,10,False,01,j6010_1.sm,-0.08333333333333333
amostra_19,67,10,False,01,j6021_1.sm,0.05
amostra_19,67,10,False,01,j6032_1.sm,-0.09583333333333333
amostra_19,67,10,False,01,j6043_1.sm,-0.04166666666666666
amostra_19,67,10,False,11,j6010_1.sm,0.01249999999999999
amostra_19,67,10,False,11,j6021_1.sm,0.03333333333333335
amostra_19,67,10,False,11,j6032_1.sm,0.02500000000000001
amostra_19,67,10,False,11,j6043_1.sm,-0.05
amostra_20,64,19,False,00,j6010_1.sm,-0.07916666666666665
amostra_20,64,19,False,00,j6021_1.sm,-0.02083333333333333
amostra_20,64,19,False,00,j6032_1.sm,-0.025000000000000015
amostra_20,64,19,False,00,j6043_1.sm,-0.029166666666666674
amostra_20,64,19,False,10,j6010_1.sm,-0.08333333333333331
amostra_20,64,19,False,10,j6021_1.sm,0.05
amostra_20,64,19,False,10,j6032_1.sm,-0.016666666666666663
amostra_20,64,19,False,10,j6043_1.sm,-0.06666666666666668
amostra_20,64,19,False,01,j6010_1.sm,-0.09166666666666665
amostra_20,64,19,False,01,j6021_1.sm,0.012499999999999997
amostra_20,64,19,False,01,j6032_1.sm,-0.07916666666666666
amostra_20,64,19,False,01,j6043_1.sm,0.004166666666666673
amostra_20,64,19,False,11,j6010_1.sm,-0.05416666666666667
amostra_20,64,19,False,11,j6021_1.sm,0.029166666666666667
amostra_20,64,19,False,11,j6032_1.sm,0.012500000000000004
amostra_20,64,19,False,11,j6043_1.sm,0.024999999999999994
nominal,62,18,True,00,j6010_1.sm,-0.07083333333333333
nominal,62,18,True,00,j6021_1.sm,-0.05416666666666667
nominal,62,18,True,00,j6032_1.sm,-0.07916666666666665
nominal,62,18,True,00,j6043_1.sm,0.012499999999999997
nominal,62,18,True,10,j6010_1.sm,-0.02500000000000001
nominal,62,18,True,10,j6021_1.sm,-0.054166666666666655
nominal,62,18,True,10,j6032_1.sm,-0.02916666666666668
nominal,62,18,True,10,j6043_1.sm,0.012499999999999997
nominal,62,18,True,01,j6010_1.sm,-0.029166666666666653
nominal,62,18,True,01,j6021_1.sm,-0.02916666666666666
nominal,62,18,True,01,j6032_1.sm,-0.02500000000000001
nominal,62,18,True,01,j6043_1.sm,-0.020833333333333336
nominal,62,18,True,11,j6010_1.sm,-0.012500000000000004
nominal,62,18,True,11,j6021_1.sm,-0.03333333333333334
nominal,62,18,True,11,j6032_1.sm,6.938893903907228e-18
nominal,62,18,True,11,j6043_1.sm,0.04999999999999999
