modelo,metrica,termo,DEPOIS_parcela,DEPOIS_pct,ANTES_parcela_publicada,ANTES_pct_publicado,delta_parcela,delta_pct
legado,atraso_relativo,A,-0.5967631177136437,52.55976151279914,-0.5967631177136437,52.55976151279914,0.0,0.0
legado,atraso_relativo,B,0.0,-0.0,0.0,-0.0,0.0,0.0
legado,atraso_relativo,C,-0.31619985324382105,27.849222553415448,-0.3161998532438221,27.84922255341554,1.0547118733938987e-15,-9.237055564881302e-14
legado,atraso_relativo,D,-0.43651242523254186,38.445722073938796,-0.4365124252325411,38.445722073938725,-7.771561172376096e-16,7.105427357601002e-14
legado,atraso_relativo,AB,-2.80709041835082e-15,2.47233782641674e-13,0.0,-0.0,-2.80709041835082e-15,2.47233782641674e-13
legado,atraso_relativo,AC,0.025261637546209414,-2.2249123738385204,0.0252616375462101,-2.224912373838585,-6.869504964868156e-16,6.483702463810914e-14
legado,atraso_relativo,AD,-0.10623056951999309,9.356230694569971,-0.1062305695199935,9.356230694570009,4.163336342344337e-16,-3.730349362740526e-14
legado,atraso_relativo,BC,-2.2072382748377007e-16,1.9440195595844445e-14,0.0,-0.0,-2.2072382748377007e-16,1.9440195595844445e-14
legado,atraso_relativo,BD,7.303062963018761e-16,-6.432154338221202e-14,0.0,-0.0,7.303062963018761e-16,-6.432154338221202e-14
legado,atraso_relativo,CD,0.29695918637777996,-26.154605658020113,0.296959186377781,-26.15460565802021,-1.0547118733938987e-15,9.592326932761353e-14
legado,atraso_relativo,ABC,4.35150983929072e-16,-3.8325813473524274e-14,0.0,-0.0,4.35150983929072e-16,-3.8325813473524274e-14
legado,atraso_relativo,ABD,1.769030051699297e-15,-1.558068769104227e-13,0.0,-0.0,1.769030051699297e-15,-1.558068769104227e-13
legado,atraso_relativo,ACD,-0.00191406958279061,0.16858119713532918,-0.0019140695827911,0.1685811971353806,4.898425415289509e-16,-5.1431081615760377e-14
legado,atraso_relativo,BCD,-1.1493127696989887e-15,1.0122543315081352e-13,0.0,-0.0,-1.1493127696989887e-15,1.0122543315081352e-13
legado,atraso_relativo,ABCD,-3.2707682666652262e-15,2.8807209252172146e-13,1.3877787807814457e-17,-1.222282671051343e-15,-3.2846460544730407e-15,2.892943751927728e-13
legado,E_total,A,0.10294900979532196,98.39240130627077,0.1029490097953219,98.39240130627078,5.551115123125783e-17,-1.4210854715202004e-14
legado,E_total,B,0.0,0.0,0.0,0.0,0.0,0.0
legado,E_total,C,0.004484947458066008,4.286439966823477,0.0044849474580656,4.28643996682309,4.0852737859253807e-16,3.872457909892546e-13
legado,E_total,D,0.0018999282493703906,1.8158358505519743,0.0018999282493706,1.81583585055223,-2.0946785972419946e-16,-2.5579538487363607e-13
legado,E_total,AB,-8.017915242331827e-16,-7.663035669130121e-13,0.0,0.0,-8.017915242331827e-16,-7.663035669130121e-13
legado,E_total,AC,-0.0020731423959222907,-1.981383395432121,-0.0020731423959219,-1.981383395431754,-3.907464629637758e-16,-3.6703973194107675e-13
legado,E_total,AD,-0.002693559924180876,-2.5743407297399368,-0.002693559924181,-2.574340729740109,1.240327285323417e-16,1.723066134218243e-13
legado,E_total,BC,3.1398206651645983e-17,3.0008496005042225e-14,0.0,0.0,3.1398206651645983e-17,3.0008496005042225e-14
legado,E_total,BD,2.2738022214047173e-16,2.1731618507486512e-13,0.0,0.0,2.2738022214047173e-16,2.1731618507486512e-13
legado,E_total,CD,-0.002427103423593711,-2.319677814685573,-0.0024271034235933,-2.3196778146852663,-4.106957829375091e-16,-3.0686564400639327e-13
legado,E_total,ABC,-1.3615938759081822e-16,-1.3013286025856092e-13,0.0,0.0,-1.3615938759081822e-16,-1.3013286025856092e-13
legado,E_total,ABD,6.34900277534575e-16,6.067990650987614e-13,0.0,0.0,6.34900277534575e-16,6.067990650987614e-13
legado,E_total,ACD,0.0024909775467434146,2.3807248162111514,0.0024909775467432,2.3807248162110177,2.1467203015212988e-16,1.3367085216486885e-13
legado,E_total,BCD,-4.676618496379311e-16,-4.4696274861401427e-13,0.0,0.0,-4.676618496379311e-16,-4.4696274861401427e-13
legado,E_total,ABCD,-9.642377267001572e-16,-9.21559765837002e-13,0.0,0.0,-9.642377267001572e-16,-9.21559765837002e-13
legado,TW,A,-147.26041666666669,98.43336582648655,-147.26041666666669,98.43336582648656,0.0,-1.4210854715202004e-14
legado,TW,B,0.0,-0.0,0.0,-0.0,0.0,0.0
legado,TW,C,0.4166666666669018,-0.27851274195810166,0.4166666666666643,-0.2785127419579429,2.37476704967321e-13,-1.5876189252139739e-13
legado,TW,D,1.3749999999998268,-0.9190920484611013,1.374999999999993,-0.9190920484612124,-1.6608936448392342e-13,1.1113332476497817e-13
legado,TW,AB,-6.252815105967091e-13,4.1795728322854803e-13,0.0,-0.0,-6.252815105967091e-13,4.1795728322854803e-13
legado,TW,AC,-1.4218750000000981,0.9504247319315513,-1.421875000000007,0.9504247319314904,-9.103828801926284e-14,6.09512440519211e-14
legado,TW,AD,-2.4114583333333113,1.6118924940815893,-2.411458333333332,1.611892494081603,2.0872192862952943e-14,-1.3766765505351941e-14
legado,TW,BC,-3.487141131408578e-14,2.3309117714470374e-14,0.0,-0.0,-3.487141131408578e-14,2.3309117714470374e-14
legado,TW,BD,1.6121960537407452e-13,-1.0776411444026704e-13,0.0,-0.0,1.6121960537407452e-13,-1.0776411444026704e-13
legado,TW,CD,-0.9531250000002589,0.6370978972289713,-0.953125,0.6370978972287982,-2.589040093425865e-13,1.730837695390619e-13
legado,TW,ABC,4.1092997060676595e-14,-2.7467815887933105e-14,0.0,-0.0,4.1092997060676595e-14,-2.7467815887933105e-14
legado,TW,ABD,4.306479941170356e-13,-2.8785828878453845e-13,0.0,-0.0,4.306479941170356e-13,-2.8785828878453845e-13
legado,TW,ACD,0.6510416666668034,-0.43517615930937975,0.6510416666666785,-0.4351761593092962,1.249000902703301e-13,-8.354428260304303e-14
legado,TW,BCD,-3.069260702074731e-13,2.0515877134046382e-13,0.0,-0.0,-3.069260702074731e-13,2.0515877134046382e-13
legado,TW,ABCD,-5.904196402617412e-13,3.9465454299628987e-13,0.0,-0.0,-5.904196402617412e-13,3.9465454299628987e-13
legado,TL,A,10.385416666666668,99.00695134061569,10.385416666666668,99.00695134061569,0.0,0.0
legado,TL,B,0.0,0.0,0.0,0.0,0.0,0.0
legado,TL,C,-5.300688514663224e-16,-5.053287958368118e-15,0.0,0.0,-5.300688514663224e-16,-5.053287958368118e-15
legado,TL,D,2.4681934736777324e-15,2.352994771331304e-14,0.0,0.0,2.4681934736777324e-15,2.352994771331304e-14
legado,TL,AB,-3.653544480841653e-15,-3.4830215507527176e-14,0.0,0.0,-3.653544480841653e-15,-3.4830215507527176e-14
legado,TL,AC,0.005208333333334952,0.04965243296923092,0.0052083333333335,0.0496524329692179,1.452830911130576e-15,1.3024303857633868e-14
legado,TL,AD,-0.015625000000006016,-0.14895729890770382,-0.0156249999999997,-0.1489572989076443,-6.316128176031555e-15,-5.950795411990839e-14
legado,TL,BC,7.552986014403018e-15,7.200463330513304e-14,0.0,0.0,7.552986014403018e-15,7.200463330513304e-14
legado,TL,BD,-2.4681934736777324e-15,-2.352994771331304e-14,0.0,0.0,-2.4681934736777324e-15,-2.352994771331304e-14
legado,TL,CD,-1.938124622211409e-15,-1.847665975494491e-14,0.0,0.0,-1.938124622211409e-15,-1.847665975494491e-14
legado,TL,ABC,-1.1879675484068505e-14,-1.1325211980839886e-13,0.0,0.0,-1.1879675484068505e-14,-1.1325211980839886e-13
legado,TL,ABD,6.765132435730217e-15,6.449381468024835e-14,0.0,0.0,6.765132435730217e-15,6.449381468024835e-14
legado,TL,ACD,0.11458333333333676,1.0923535253227734,0.1145833333333332,1.0923535253227394,3.552713678800501e-15,3.397282455352979e-14
legado,TL,BCD,-5.605469792039722e-15,-5.3438440917161206e-14,0.0,0.0,-5.605469792039722e-15,-5.3438440917161206e-14
legado,TL,ABCD,1.0249324537229638e-15,9.770954871638979e-15,-5.551115123125783e-17,-5.292026333863705e-16,1.0804436049542216e-15,1.030015750502535e-14
legado,TU,A,-120.08854166666666,99.80521166998528,-120.08854166666666,99.80521166998528,0.0,0.0
legado,TU,B,0.0,-0.0,0.0,-0.0,0.0,0.0
legado,TU,C,-3.276041666666594,2.7227079906501,-3.276041666666667,2.7227079906501603,7.283063041541027e-14,-6.039613253960852e-14
legado,TU,D,-0.05208333333341919,0.04328629555889744,-0.0520833333333339,0.0432862955588265,-8.529288386682765e-14,7.09363123796436e-14
legado,TU,AB,-1.0734801358010711e-13,8.921659859484272e-14,0.0,-0.0,-1.0734801358010711e-13,8.921659859484272e-14
legado,TU,AC,2.9218749999999094,-2.428361180850068,2.921875,-2.428361180850143,-9.059419880941277e-14,7.505107646466058e-14
legado,TU,AD,0.010416666666813346,-0.00865725911188712,0.0104166666666668,-0.0086572591117653,1.465459698035687e-13,-1.218192213769953e-13
legado,TU,BC,-1.1846180864953187e-13,9.845323894342534e-14,0.0,-0.0,-1.1846180864953187e-13,9.845323894342534e-14
legado,TU,BD,8.885108119928277e-14,-7.384385590105745e-14,0.0,-0.0,8.885108119928277e-14,-7.384385590105745e-14
legado,TU,CD,0.4843749999999931,-0.4025625486970768,0.484375,-0.4025625486970825,-6.8833827526759706e-15,5.717648576819556e-15
legado,TU,ABC,1.845822395392845e-13,-1.5340572241166405e-13,0.0,-0.0,1.845822395392845e-13,-1.5340572241166405e-13
legado,TU,ABD,-1.0390270819652752e-14,8.635321605806114e-15,0.0,-0.0,-1.0390270819652752e-14,8.635321605806114e-15
legado,TU,ACD,-0.3229166666667219,0.2683750324647676,-0.3229166666666661,0.2683750324647212,-5.5844218138645374e-14,4.6407322429331543e-14
legado,TU,BCD,-2.5465740627339418e-15,2.1164497448052846e-15,2.6645352591003757e-15,-2.2144869264447762e-15,-5.2111093218343175e-15,4.330936671250061e-15
legado,TU,ABCD,-1.3573025805143263e-13,1.1280499327276889e-13,-2.6645352591003757e-15,2.2144869264447762e-15,-1.3306572279233225e-13,1.1059050634632412e-13
legado,TR,A,-14.92562825018632,91.2524520713784,-14.925628250186318,91.2524520713784,-1.7763568394002505e-15,0.0
legado,TR,B,0.0,-0.0,0.0,-0.0,0.0,0.0
legado,TR,C,-1.6575759961244199,10.134104347609139,-1.6575759961244496,10.13410434760932,2.9753977059954195e-14,-1.8118839761882555e-13
legado,TR,D,-0.6666267539752186,4.0756291726522695,-0.6666267539751964,4.075629172652134,-2.220446049250313e-14,1.3589129821411916e-13
legado,TR,AB,-7.174756104420399e-14,4.386509408970971e-13,0.0,-0.0,-7.174756104420399e-14,4.386509408970971e-13
legado,TR,AC,0.00979502420227829,-0.059884914830652676,0.0097950242023023,-0.0598849148307999,-2.400857290751901e-14,1.4722251195919966e-13
legado,TR,AD,1.0234581591183276,-6.257228509683706,1.0234581591183094,-6.257228509683595,1.8207657603852567e-14,-1.1102230246251565e-13
legado,TR,BC,-1.2967108293195591e-14,7.927843359052126e-14,0.0,-0.0,-1.2967108293195591e-14,7.927843359052126e-14
legado,TR,BD,2.3067569509638453e-14,-1.4103073222764986e-13,0.0,-0.0,2.3067569509638453e-14,-1.4103073222764986e-13
legado,TR,CD,1.3969110762623815,-8.540448609459327,1.396911076262401,-8.540448609459446,-1.9539925233402755e-14,1.1901590823981678e-13
legado,TR,ABC,2.2113911785435513e-14,-1.352002503000806e-13,0.0,-0.0,2.2113911785435513e-14,-1.352002503000806e-13
legado,TR,ABD,3.990185751488739e-14,-2.439523669893613e-13,0.0,-0.0,3.990185751488739e-14,-2.439523669893613e-13
legado,TR,ACD,-1.5367466064270179,9.395376442333966,-1.536746606427022,9.395376442333989,4.218847493575595e-15,-2.3092638912203256e-14
legado,TR,BCD,-2.8434351206834304e-14,1.738422146920347e-13,0.0,-0.0,-2.8434351206834304e-14,1.738422146920347e-13
legado,TR,ABCD,-6.663676458214607e-14,4.074045034685963e-13,-4.440892098500626e-16,2.7150769574308055e-15,-6.619267537229601e-14,4.0468942651116546e-13
legado,taxa_omissao,A,-0.016319444444444442,10.645526613816534,-0.0163194444444444,10.64552661381654,-4.163336342344337e-17,-5.329070518200751e-15
legado,taxa_omissao,B,0.0,-0.0,0.0,-0.0,0.0,0.0
legado,taxa_omissao,C,-0.15425347222222213,100.62287655719135,-0.1542534722222222,100.6228765571914,5.551115123125783e-17,-5.684341886080802e-14
legado,taxa_omissao,D,-0.0015625000000000244,1.0192525481313863,-0.0015624999999999,1.0192525481313703,-1.244664094013359e-16,1.5987211554602254e-14
legado,taxa_omissao,AB,-1.6027640248945157e-16,1.0455176425132969e-13,0.0,-0.0,-1.6027640248945157e-16,1.0455176425132969e-13
legado,taxa_omissao,AC,0.017968749999999832,-11.72140430351065,0.01796875,-11.721404303510766,-1.6653345369377348e-16,1.1723955140041653e-13
legado,taxa_omissao,AD,0.006857638888888948,-4.4733861834654975,0.0068576388888888,-4.47338618346546,1.474514954580286e-16,-3.730349362740526e-14
legado,taxa_omissao,BC,-1.1463630970413396e-17,7.47797444955619e-15,3.469446951953614e-18,-2.2631952936866162e-15,-1.493307792236701e-17,9.741169743242807e-15
legado,taxa_omissao,BD,2.794840297978727e-17,-1.823134781014436e-14,0.0,-0.0,2.794840297978727e-17,-1.823134781014436e-14
legado,taxa_omissao,CD,0.0032986111111110586,-2.1517553793884145,0.0032986111111111,-2.151755379388452,-4.119968255444917e-17,3.730349362740526e-14
legado,taxa_omissao,ABC,8.13296189653793e-17,-5.305306967617042e-14,-2.1684043449710093e-18,1.414497058554135e-15,8.349802331035031e-17,-5.446756673472456e-14
legado,taxa_omissao,ABD,7.282465525677078e-17,-4.7505097879841417e-14,0.0,-0.0,7.282465525677078e-17,-4.7505097879841417e-14
legado,taxa_omissao,ACD,-0.009288194444444352,6.058890147225308,-0.0092881944444444,6.0588901472253704,4.683753385137379e-17,-6.217248937900877e-14
legado,taxa_omissao,BCD,-3.0926264635608747e-17,2.0173871381778753e-14,3.903127820947816e-18,-2.546094705397443e-15,-3.482939245655656e-17,2.2719966087176195e-14
legado,taxa_omissao,ABCD,-2.160790836382e-16,1.4095306022152118e-13,-6.5052130349130266e-18,4.2434911756624046e-15,-2.0957387060328696e-16,1.3670956904585877e-13
legado,retrabalho_sobre_plano,A,-0.04448344106688845,91.47212392809956,-0.0444834410668884,91.4721239280996,-4.85722573273506e-17,-4.263256414560601e-14
legado,retrabalho_sobre_plano,B,0.0,-0.0,0.0,-0.0,0.0,0.0
legado,retrabalho_sobre_plano,C,-0.005179438003793893,10.650574317048521,-0.0051794380037939,10.650574317048704,6.938893903907228e-18,-1.829647544582258e-13
legado,retrabalho_sobre_plano,D,-0.0024864842024501545,5.113003527982052,-0.00248648420245,5.113003527981923,-1.5439038936193583e-16,1.2878587085651816e-13
legado,retrabalho_sobre_plano,AB,-1.8454352143966656e-16,3.7948026183213285e-13,0.0,-0.0,-1.8454352143966656e-16,3.7948026183213285e-13
legado,retrabalho_sobre_plano,AC,0.0004552273962488765,-0.9360925280607123,0.0004552273962489,-0.9360925280608726,-2.3527187142935446e-17,1.603162047558726e-13
legado,retrabalho_sobre_plano,AD,0.003537224537512941,-7.273660344090166,0.0035372245375128,-7.273660344090046,1.4094628242311558e-16,-1.199040866595169e-13
legado,retrabalho_sobre_plano,BC,-3.574269065602008e-17,7.349835693455018e-14,0.0,-0.0,-3.574269065602008e-17,7.349835693455018e-14
legado,retrabalho_sobre_plano,BD,7.129903353073968e-17,-1.4661352347429228e-13,0.0,-0.0,7.129903353073968e-17,-1.4661352347429228e-13
legado,retrabalho_sobre_plano,CD,0.00442294076945746,-9.094975039860518,0.0044229407694575,-9.094975039860673,-3.9898639947466563e-17,1.545430450278218e-13
legado,retrabalho_sobre_plano,ABC,2.2495997089576288e-17,-4.625893555693457e-14,0.0,-0.0,2.2495997089576288e-17,-4.625893555693457e-14
legado,retrabalho_sobre_plano,ABD,1.0362910762687444e-16,-2.1309445375752902e-13,0.0,-0.0,1.0362910762687444e-16,-2.1309445375752902e-13
legado,retrabalho_sobre_plano,ACD,-0.004896627645838383,10.06902613888133,-0.0048966276458384,10.06902613888139,1.6479873021779667e-17,-6.039613253960852e-14
legado,retrabalho_sobre_plano,BCD,-8.683690307572665e-17,1.7856433246095657e-13,0.0,-0.0,-8.683690307572665e-17,1.7856433246095657e-13
legado,retrabalho_sobre_plano,ABCD,-2.0538058666300407e-16,4.2232790506056495e-13,0.0,-0.0,-2.0538058666300407e-16,4.2232790506056495e-13
legado,divida_latente_sobre_plano,A,-0.01220090723101221,22.601429875654336,-0.0122009072310122,22.60142987565434,-1.0408340855860843e-17,-3.552713678800501e-15
legado,divida_latente_sobre_plano,B,0.0,-0.0,0.0,-0.0,0.0,0.0
legado,divida_latente_sobre_plano,C,-0.044364713116417015,82.18290111292282,-0.044364713116417,82.18290111292283,-1.3877787807814457e-17,-1.4210854715202004e-14
legado,divida_latente_sobre_plano,D,-0.03079888857749964,57.053045913102956,-0.0307988885774996,57.05304591310295,-3.8163916471489756e-17,7.105427357601002e-15
legado,divida_latente_sobre_plano,AB,-5.983300479246321e-17,1.1083695961799039e-13,0.0,-0.0,-5.983300479246321e-17,1.1083695961799039e-13
legado,divida_latente_sobre_plano,AC,0.009377923711192244,-17.37202661446377,0.0093779237111922,-17.372026614463834,4.336808689942018e-17,6.394884621840902e-14
legado,divida_latente_sobre_plano,AD,0.006293064612639847,-11.657514957905427,0.0062930646126398,-11.657514957905413,4.683753385137379e-17,-1.4210854715202004e-14
legado,divida_latente_sobre_plano,BC,6.733181905747487e-18,-1.2472805161239748e-14,-2.1684043449710093e-19,4.0168356186133013e-16,6.950022340244589e-18,-1.2874488723101078e-14
legado,divida_latente_sobre_plano,BD,4.12723455092059e-18,-7.645448040610226e-15,0.0,-0.0,4.12723455092059e-18,-7.645448040610226e-15
legado,divida_latente_sobre_plano,CD,0.02455072762915647,-45.478712230208096,0.0245507276291564,-45.47871223020814,7.28583859910259e-17,4.263256414560601e-14
legado,divida_latente_sobre_plano,ABC,8.099619585672145e-18,-1.500404688101691e-14,-8.673617379884035e-19,1.6067342474453205e-15,8.966981323660548e-18,-1.661078112846223e-14
legado,divida_latente_sobre_plano,ABD,3.228377919278929e-17,-5.98037144067689e-14,0.0,-0.0,3.228377919278929e-17,-5.98037144067689e-14
legado,divida_latente_sobre_plano,ACD,-0.006840106774392585,12.670876900897197,-0.0068401067743926,12.67087690089726,1.474514954580286e-17,-6.394884621840902e-14
legado,divida_latente_sobre_plano,BCD,-8.588606101780511e-18,1.5909864312844632e-14,-6.505213034913028e-19,1.2050506855839904e-15,-7.938084798289208e-18,1.4704813627260642e-14
legado,divida_latente_sobre_plano,ABCD,-6.565773315103318e-17,1.2162691048380256e-13,2.1684043449710093e-19,-4.0168356186133013e-16,-6.587457358553028e-17,1.220285940456639e-13
legado,S_UR_maximo,A,-4.0866310238658246,22.3450168011301,-4.086631023865824,22.345016801130097,-8.881784197001252e-16,3.552713678800501e-15
legado,S_UR_maximo,B,0.0,-0.0,0.0,-0.0,0.0,0.0
legado,S_UR_maximo,C,-15.017053976327604,82.11074634457509,-15.01705397632761,82.11074634457512,5.329070518200751e-15,-2.842170943040401e-14
legado,S_UR_maximo,D,-10.467576791570664,57.23496393699514,-10.46757679157066,57.23496393699513,-3.552713678800501e-15,1.4210854715202004e-14
legado,S_UR_maximo,AB,-2.1539853606165595e-14,1.1777632673780037e-13,0.0,-0.0,-2.1539853606165595e-14,1.1777632673780037e-13
legado,S_UR_maximo,AC,3.1185612775843623,-17.051772899491464,3.1185612775843703,-17.05177289949151,-7.993605777301127e-15,4.618527782440651e-14
legado,S_UR_maximo,AD,2.130550047168562,-11.649492288783916,2.130550047168557,-11.649492288783886,4.884981308350689e-15,-3.019806626980426e-14
legado,S_UR_maximo,BC,1.3458011908533742e-15,-7.358616436125525e-15,-2.220446049250313e-16,1.214102863379286e-15,1.5678457957784055e-15,-8.572719299504811e-15
legado,S_UR_maximo,BD,2.9044723083133673e-15,-1.588117012489312e-14,0.0,-0.0,2.9044723083133673e-15,-1.588117012489312e-14
legado,S_UR_maximo,CD,8.361739409328983,-45.720596378035616,8.36173940932899,-45.720596378035665,-7.105427357601002e-15,4.973799150320701e-14
legado,S_UR_maximo,ABC,1.044690964291742e-15,-5.712195941537544e-15,0.0,-0.0,1.044690964291742e-15,-5.712195941537544e-15
legado,S_UR_maximo,ABD,1.2025081360858434e-14,-6.575113913493364e-14,0.0,-0.0,1.2025081360858434e-14,-6.575113913493364e-14
legado,S_UR_maximo,ACD,-2.3283692114789583,12.731134483610667,-2.328369211478966,12.73113448361071,7.549516567451064e-15,-4.263256414560601e-14
legado,S_UR_maximo,BCD,-3.6950145392814085e-15,2.0203723183836408e-14,-1.6653345369377348e-16,9.105771475344644e-16,-3.528481085587635e-15,1.9293146036301944e-14
legado,S_UR_maximo,ABCD,-2.184991588295916e-14,1.194716955498824e-13,2.775557561562891e-16,-1.5176285792241072e-15,-2.212747163911545e-14,1.209893241291065e-13
legado,n_com_erro,A,-0.9791666666666665,10.645526613816534,-0.9791666666666664,10.645526613816534,-1.1102230246251565e-16,0.0
legado,n_com_erro,B,0.0,-0.0,0.0,-0.0,0.0,0.0
legado,n_com_erro,C,-9.255208333333327,100.62287655719133,-9.255208333333334,100.6228765571914,7.105427357601002e-15,-7.105427357601002e-14
legado,n_com_erro,D,-0.09375000000000214,1.0192525481313937,-0.0937499999999998,1.0192525481313692,-2.3314683517128287e-15,2.4424906541753444e-14
legado,n_com_erro,AB,-9.172494939517032e-15,9.972361429146489e-14,0.0,-0.0,-9.172494939517032e-15,9.972361429146489e-14
legado,n_com_erro,AC,1.0781249999999896,-11.721404303510647,1.078125,-11.72140430351076,-1.0436096431476471e-14,1.1191048088221578e-13
legado,n_com_erro,AD,0.4114583333333369,-4.4733861834654975,0.4114583333333331,-4.473386183465457,3.83026943495679e-15,-4.085620730620576e-14
legado,n_com_erro,BC,-6.305719835175694e-16,6.855595743792374e-15,8.326672684688674e-17,-9.052781174746463e-16,-7.138387103644561e-16,7.760873861267021e-15
legado,n_com_erro,BD,1.7254764361145871e-15,-1.8759426712004572e-14,0.0,-0.0,1.7254764361145871e-15,-1.8759426712004572e-14
legado,n_com_erro,CD,0.19791666666666397,-2.1517553793884194,0.1979166666666664,-2.1517553793884465,-2.4424906541753444e-15,2.708944180085382e-14
legado,n_com_erro,ABC,5.171210681886862e-15,-5.6221543087331685e-14,-2.498001805406602e-16,2.715834352423939e-15,5.421010862427522e-15,-5.893737743975562e-14
legado,n_com_erro,ABD,3.3286452298201624e-15,-3.618912141140834e-14,0.0,-0.0,3.3286452298201624e-15,-3.618912141140834e-14
legado,n_com_erro,ACD,-0.5572916666666623,6.058890147225321,-0.5572916666666665,6.058890147225367,4.218847493575595e-15,-4.618527782440651e-14
legado,n_com_erro,BCD,-1.7566966400058468e-15,1.909885361727761e-14,-2.7755575615628914e-17,3.017593724915488e-16,-1.7289410643902179e-15,1.8797094244786062e-14
legado,n_com_erro,ABCD,-1.272882262555915e-14,1.38388105555343e-13,2.220446049250313e-16,-2.4140749799323904e-15,-1.2950867230484182e-14,1.4080218053527537e-13
