grupo,instancia,semente,risco.F_ancora,retrabalho.f_retrabalho,agentes.tau_sat,agentes.k_heuristico,fuzzy.mu_minimo,taxa_omissao,atraso_relativo,retrabalho_sobre_plano,E_total,TL,TU,TW,TR,concluiu,divida_pendente,violacoes,makespan,tau_portao,tau_rede
gate=0.25;rede=0.25,j6010_1.sm,0,0.1,0.5,1.0,0.1,0.55,0.15,2.5176470588235293,0.17096889040681953,0.7928507567632851,0.0,118.0,663.0,55.222951601402706,True,0,0,214,0.25,0.25
gate=0.25;rede=0.25,j6010_1.sm,1,0.1,0.5,1.0,0.1,0.55,0.16666666666666666,2.764705882352941,0.17962348631706626,0.7912961500915328,0.0,91.0,565.0,58.018386080412405,True,0,0,235,0.25,0.25
gate=0.25;rede=0.25,j6010_1.sm,2,0.1,0.5,1.0,0.1,0.55,0.21666666666666667,4.1647058823529415,0.21171820631272342,0.7981596141656981,0.0,97.0,654.0,68.38498063900967,True,0,0,354,0.25,0.25
gate=0.25;rede=0.25,j6010_1.sm,3,0.1,0.5,1.0,0.1,0.55,0.11666666666666667,2.2823529411764705,0.13578001651938848,0.7840002016739748,0.0,122.0,602.0,43.856945335762475,True,0,0,194,0.25,0.25
gate=0.25;rede=0.25,j6010_1.sm,4,0.1,0.5,1.0,0.1,0.55,0.3,2.8705882352941177,0.32287893348658386,0.7494349965596603,0.0,103.0,620.0,104.2898955161666,True,0,0,244,0.25,0.25
gate=0.25;rede=0.25,j6010_1.sm,5,0.1,0.5,1.0,0.1,0.55,0.31666666666666665,2.4352941176470586,0.21820208200601457,0.7799547378210466,0.0,94.0,583.0,70.47927248794271,True,0,0,207,0.25,0.25
gate=0.25;rede=0.25,j6010_1.sm,6,0.1,0.5,1.0,0.1,0.55,0.13333333333333333,2.2470588235294118,0.1525117385878167,0.8262657232208831,0.0,79.0,610.0,49.26129156386479,True,0,0,191,0.25,0.25
gate=0.25;rede=0.25,j6010_1.sm,7,0.1,0.5,1.0,0.1,0.55,0.16666666666666666,2.7058823529411766,0.13055947331898385,0.7525106970268436,0.0,167.0,636.0,42.17070988203179,True,0,0,230,0.25,0.25
gate=0.25;rede=0.25,j6010_1.sm,8,0.1,0.5,1.0,0.1,0.55,0.15,2.2588235294117647,0.23307074245963497,0.6872947945865095,0.0,220.0,649.0,75.28184981446209,True,0,0,192,0.25,0.25
gate=0.25;rede=0.25,j6010_1.sm,9,0.1,0.5,1.0,0.1,0.55,0.16666666666666666,2.6705882352941175,0.15361356842052806,0.8484306750700897,0.0,59.0,608.0,49.617182599830564,True,0,0,227,0.25,0.25
gate=0.25;rede=0.25,j6010_1.sm,10,0.1,0.5,1.0,0.1,0.55,0.25,2.5058823529411764,0.2547797156426407,0.7097652382341401,0.0,188.0,661.0,82.29384815257293,True,0,0,213,0.25,0.25
gate=0.25;rede=0.25,j6010_1.sm,11,0.1,0.5,1.0,0.1,0.55,0.2,2.4705882352941178,0.17427541077416236,0.7826528377443965,0.0,107.0,588.0,56.29095768005445,True,0,0,210,0.25,0.25
gate=0.25;rede=0.25,j6024_9.sm,0,0.1,0.5,1.0,0.1,0.55,0.23333333333333334,2.6375,0.19687306292170467,0.7346508285347714,0.0,168.0,645.0,64.96811076416255,True,0,0,211,0.25,0.25
gate=0.25;rede=0.25,j6024_9.sm,1,0.1,0.5,1.0,0.1,0.55,0.2,4.0,0.1669256736340072,0.8057594812294137,0.0,91.0,606.0,55.085472299222374,True,0,0,320,0.25,0.25
gate=0.25;rede=0.25,j6024_9.sm,2,0.1,0.5,1.0,0.1,0.55,0.25,3.125,0.20137748628051083,0.802569666070234,0.0,90.0,636.0,66.45457047256858,True,0,0,250,0.25,0.25
gate=0.25;rede=0.25,j6024_9.sm,3,0.1,0.5,1.0,0.1,0.55,0.26666666666666666,2.4375,0.22709761934975078,0.7500501644788449,0.0,141.0,648.0,74.94221438541776,True,0,0,195,0.25,0.25
gate=0.25;rede=0.25,j6024_9.sm,4,0.1,0.5,1.0,0.1,0.55,0.18333333333333332,2.3,0.13861222837578627,0.7858742116381725,0.0,130.0,645.0,45.74203536400947,True,0,0,184,0.25,0.25
gate=0.25;rede=0.25,j6024_9.sm,5,0.1,0.5,1.0,0.1,0.55,0.25,2.3,0.21855977394200576,0.7323052628979605,0.0,160.0,635.0,72.1247254008619,True,0,0,184,0.25,0.25
gate=0.25;rede=0.25,j6024_9.sm,6,0.1,0.5,1.0,0.1,0.55,0.18333333333333332,2.0375,0.10540199195644685,0.8651806764533512,0.0,57.0,589.0,34.78265734562746,True,0,0,163,0.25,0.25
gate=0.25;rede=0.25,j6024_9.sm,7,0.1,0.5,1.0,0.1,0.55,0.23333333333333334,2.9875,0.24708345941027868,0.7117172274987903,0.0,170.0,621.0,81.53754160539197,True,0,0,239,0.25,0.25
gate=0.25;rede=0.25,j6024_9.sm,8,0.1,0.5,1.0,0.1,0.55,0.23333333333333334,2.9375,0.22677496632667238,0.6363764397573037,0.0,312.0,677.0,74.83573888780188,True,0,0,235,0.25,0.25
gate=0.25;rede=0.25,j6024_9.sm,9,0.1,0.5,1.0,0.1,0.55,0.21666666666666667,2.4875,0.22787498862417663,0.7182452898502779,0.0,179.0,648.0,75.19874624597828,True,0,0,199,0.25,0.25
gate=0.25;rede=0.25,j6024_9.sm,10,0.1,0.5,1.0,0.1,0.55,0.15,2.375,0.08403255207001852,0.7852311641982408,0.0,164.0,701.0,27.73074218310611,True,0,0,190,0.25,0.25
gate=0.25;rede=0.25,j6024_9.sm,11,0.1,0.5,1.0,0.1,0.55,0.26666666666666666,3.0125,0.21442360533435223,0.7868548113419356,0.0,98.0,623.0,70.75978976033623,True,0,0,241,0.25,0.25
gate=0.25;rede=0.25,j6039_9.sm,0,0.1,0.5,1.0,0.1,0.55,0.16666666666666666,2.6944444444444446,0.08762099407148585,0.7754300412728362,0.0,165.0,672.0,29.615895996162216,True,0,0,194,0.25,0.25
gate=0.25;rede=0.25,j6039_9.sm,1,0.1,0.5,1.0,0.1,0.55,0.25,2.8194444444444446,0.1822320469742797,0.7980620445377989,0.0,113.0,690.0,61.59443187730653,True,0,0,203,0.25,0.25
gate=0.25;rede=0.25,j6039_9.sm,2,0.1,0.5,1.0,0.1,0.55,0.26666666666666666,4.152777777777778,0.17090305108561146,0.8382782840867602,0.0,74.0,683.0,57.765231266936674,True,0,0,299,0.25,0.25
gate=0.25;rede=0.25,j6039_9.sm,3,0.1,0.5,1.0,0.1,0.55,0.13333333333333333,2.5833333333333335,0.10182431626942152,0.7726224926552796,0.0,171.0,698.0,34.416618899064474,True,0,0,186,0.25,0.25
gate=0.25;rede=0.25,j6039_9.sm,4,0.1,0.5,1.0,0.1,0.55,0.15,2.6666666666666665,0.17736354592663947,0.7674339482138869,0.0,154.0,706.0,59.948878523204144,True,0,0,192,0.25,0.25
gate=0.25;rede=0.25,j6039_9.sm,5,0.1,0.5,1.0,0.1,0.55,0.25,2.3333333333333335,0.18843266252078342,0.797644244071488,0.0,104.0,661.0,63.690239932024795,True,0,0,168,0.25,0.25
gate=0.25;rede=0.25,j6039_9.sm,6,0.1,0.5,1.0,0.1,0.55,0.25,2.9444444444444446,0.16666939973125844,0.8304575929869744,0.0,78.0,658.0,56.33425710916535,True,0,0,212,0.25,0.25
gate=0.25;rede=0.25,j6039_9.sm,7,0.1,0.5,1.0,0.1,0.55,0.18333333333333332,4.291666666666667,0.11177664876200032,0.7896189116744382,0.0,137.0,656.0,37.780507281556105,True,0,0,309,0.25,0.25
gate=0.25;rede=0.25,j6039_9.sm,8,0.1,0.5,1.0,0.1,0.55,0.16666666666666666,2.9444444444444446,0.14683429381726507,0.732270946613509,0.0,218.0,732.0,49.629991310235596,True,0,0,212,0.25,0.25
gate=0.25;rede=0.25,j6039_9.sm,9,0.1,0.5,1.0,0.1,0.55,0.21666666666666667,3.236111111111111,0.15722877969238114,0.7554595109929942,0.0,166.0,677.0,53.14332753602482,True,0,0,233,0.25,0.25
gate=0.25;rede=0.25,j6039_9.sm,10,0.1,0.5,1.0,0.1,0.55,0.21666666666666667,3.1666666666666665,0.23374907191098027,0.7416121011327157,0.0,183.0,752.0,79.00718630591133,True,0,0,228,0.25,0.25
gate=0.25;rede=0.25,j6039_9.sm,11,0.1,0.5,1.0,0.1,0.55,0.21666666666666667,2.4722222222222223,0.15348199059563009,0.8258290699367531,0.0,85.0,649.0,51.87691282132297,True,0,0,178,0.25,0.25
gate=0.25;rede=0.25,j609_9.sm,0,0.1,0.5,1.0,0.1,0.55,0.2,3.3125,0.15950971468365618,0.819871366560822,0.0,102.0,722.0,56.62594871269795,True,0,0,265,0.25,0.25
gate=0.25;rede=0.25,j609_9.sm,1,0.1,0.5,1.0,0.1,0.55,0.2,5.075,0.21073212769630717,0.8178157434664441,0.0,74.0,668.0,74.80990533218905,True,0,0,406,0.25,0.25
gate=0.25;rede=0.25,j609_9.sm,2,0.1,0.5,1.0,0.1,0.55,0.2,4.325,0.14043720421648037,0.874366711238616,0.0,49.0,688.0,49.85520749685053,True,0,0,346,0.25,0.25
gate=0.25;rede=0.25,j609_9.sm,3,0.1,0.5,1.0,0.1,0.55,0.2,3.475,0.20052013748992079,0.7970312693769651,0.0,103.0,684.0,71.18464880892188,True,0,0,278,0.25,0.25
gate=0.25;rede=0.25,j609_9.sm,4,0.1,0.5,1.0,0.1,0.55,0.18333333333333332,3.2625,0.15571241509793418,0.7320990197890489,0.0,206.0,714.0,55.27790735976664,True,0,0,261,0.25,0.25
gate=0.25;rede=0.25,j609_9.sm,5,0.1,0.5,1.0,0.1,0.55,0.23333333333333334,3.125,0.20307602180592746,0.8054697993664682,0.0,96.0,696.0,72.09198774110425,True,0,0,250,0.25,0.25
gate=0.25;rede=0.25,j609_9.sm,6,0.1,0.5,1.0,0.1,0.55,0.18333333333333332,3.0625,0.2272512863424307,0.8210198348990915,0.0,68.0,682.0,80.6742066515629,True,0,0,245,0.25,0.25
gate=0.25;rede=0.25,j609_9.sm,7,0.1,0.5,1.0,0.1,0.55,0.13333333333333333,3.2875,0.12506946169723698,0.8201561007236015,0.0,108.0,695.0,44.39965890251913,True,0,0,263,0.25,0.25
gate=0.25;rede=0.25,j609_9.sm,8,0.1,0.5,1.0,0.1,0.55,0.26666666666666666,3.4375,0.24622830614903754,0.7315782380623636,0.0,183.0,737.0,87.41104868290833,True,0,0,275,0.25,0.25
gate=0.25;rede=0.25,j609_9.sm,9,0.1,0.5,1.0,0.1,0.55,0.3,3.8875,0.24861999495102838,0.8033950492482221,0.0,85.0,708.0,88.26009820761507,True,0,0,311,0.25,0.25
gate=0.25;rede=0.25,j609_9.sm,10,0.1,0.5,1.0,0.1,0.55,0.23333333333333334,3.55,0.19728776395825043,0.8032648339104204,0.0,121.0,780.0,70.0371562051789,True,0,0,284,0.25,0.25
gate=0.25;rede=0.25,j609_9.sm,11,0.1,0.5,1.0,0.1,0.55,0.21666666666666667,3.9875,0.24475065809424054,0.8220440040763006,0.0,64.0,697.0,86.88648362345539,True,0,0,319,0.25,0.25
gate=0.25;rede=0.8,j6010_1.sm,0,0.1,0.5,1.0,0.1,0.55,0.11666666666666667,2.6941176470588237,0.1391811735690964,0.7450045223333691,0.0,132.0,517.0,44.955519062818134,True,0,0,229,0.25,0.8
gate=0.25;rede=0.8,j6010_1.sm,1,0.1,0.5,1.0,0.1,0.55,0.08333333333333333,2.8823529411764706,0.060950529354249806,0.7560463214169515,0.0,131.0,467.0,19.687020981422688,True,0,0,245,0.25,0.8
gate=0.25;rede=0.8,j6010_1.sm,2,0.1,0.5,1.0,0.1,0.55,0.3,2.376470588235294,0.2671623087511898,0.7355581783113844,0.0,110.0,546.0,86.29342572663431,True,0,0,202,0.25,0.8
gate=0.25;rede=0.8,j6010_1.sm,3,0.1,0.5,1.0,0.1,0.55,0.13333333333333333,2.1294117647058823,0.10319863424032882,0.7088497216933257,0.0,186.0,534.0,33.33315885962621,True,0,0,181,0.25,0.8
gate=0.25;rede=0.8,j6010_1.sm,4,0.1,0.5,1.0,0.1,0.55,0.13333333333333333,2.0470588235294116,0.11529178888836336,0.7462060507589868,0.0,142.0,527.0,37.239247810941364,True,0,0,174,0.25,0.8
gate=0.25;rede=0.8,j6010_1.sm,5,0.1,0.5,1.0,0.1,0.55,0.31666666666666665,1.8823529411764706,0.21767347421118194,0.6960368616591605,0.0,138.0,477.0,70.30853217021176,True,0,0,160,0.25,0.8
gate=0.25;rede=0.8,j6010_1.sm,6,0.1,0.5,1.0,0.1,0.55,0.25,1.9294117647058824,0.16883522913864424,0.8041800740727911,0.0,66.0,495.0,54.53377901178209,True,0,0,164,0.25,0.8
gate=0.25;rede=0.8,j6010_1.sm,7,0.1,0.5,1.0,0.1,0.55,0.16666666666666666,3.6588235294117646,0.13114763178212976,0.6923901354460263,0.0,174.0,487.0,42.36068506562791,True,0,0,311,0.25,0.8
gate=0.25;rede=0.8,j6010_1.sm,8,0.1,0.5,1.0,0.1,0.55,0.26666666666666666,2.1294117647058823,0.19868974188530308,0.667295907117049,0.0,226.0,582.0,64.1767866289529,True,0,0,181,0.25,0.8
gate=0.25;rede=0.8,j6010_1.sm,9,0.1,0.5,1.0,0.1,0.55,0.16666666666666666,2.011764705882353,0.1548455967035645,0.7595853615842805,0.0,119.0,534.0,50.01512773525133,True,0,0,171,0.25,0.8
gate=0.25;rede=0.8,j6010_1.sm,10,0.1,0.5,1.0,0.1,0.55,0.16666666666666666,2.2823529411764705,0.15332763483366726,0.684741518287424,0.0,206.0,555.0,49.52482605127453,True,0,0,194,0.25,0.8
gate=0.25;rede=0.8,j6010_1.sm,11,0.1,0.5,1.0,0.1,0.55,0.23333333333333334,2.776470588235294,0.21121671565612088,0.7566299163047153,0.0,100.0,523.0,68.22299915692705,True,0,0,236,0.25,0.8
gate=0.25;rede=0.8,j6024_9.sm,0,0.1,0.5,1.0,0.1,0.55,0.15,2.2125,0.09087492518672806,0.7291494130402385,0.0,168.0,533.0,29.988725311620257,True,0,0,177,0.25,0.8
gate=0.25;rede=0.8,j6024_9.sm,1,0.1,0.5,1.0,0.1,0.55,0.1,2.375,0.10668743510940398,0.7627777697730095,0.0,129.0,528.0,35.206853586103314,True,0,0,190,0.25,0.8
gate=0.25;rede=0.8,j6024_9.sm,2,0.1,0.5,1.0,0.1,0.55,0.2,4.125,0.10821781619238385,0.8570804228246521,0.0,53.0,532.0,35.71187934348667,True,0,0,330,0.25,0.8
gate=0.25;rede=0.8,j6024_9.sm,3,0.1,0.5,1.0,0.1,0.55,0.13333333333333333,2.2125,0.08781480758493573,0.7013352732107457,0.0,198.0,533.0,28.978886503028793,True,0,0,177,0.25,0.8
gate=0.25;rede=0.8,j6024_9.sm,4,0.1,0.5,1.0,0.1,0.55,0.2,2.2875,0.14278608900576256,0.6975022701485698,0.0,181.0,526.0,47.11940937190165,True,0,0,183,0.25,0.8
gate=0.25;rede=0.8,j6024_9.sm,5,0.1,0.5,1.0,0.1,0.55,0.18333333333333332,2.125,0.14893093524782577,0.7536088553950122,0.0,114.0,499.0,49.147208631782505,True,0,0,170,0.25,0.8
gate=0.25;rede=0.8,j6024_9.sm,6,0.1,0.5,1.0,0.1,0.55,0.15,1.925,0.14150474814218547,0.7709885234299321,0.0,114.0,541.0,46.696566886921204,True,0,0,154,0.25,0.8
gate=0.25;rede=0.8,j6024_9.sm,7,0.1,0.5,1.0,0.1,0.55,0.2,2.0625,0.18590894954584322,0.7525389568288825,0.0,108.0,515.0,61.34995335012826,True,0,0,165,0.25,0.8
gate=0.25;rede=0.8,j6024_9.sm,8,0.1,0.5,1.0,0.1,0.55,0.2,2.6625,0.1949350471676491,0.6323676530018355,0.0,256.0,551.0,64.3285655653242,True,0,0,213,0.25,0.8
gate=0.25;rede=0.8,j6024_9.sm,9,0.1,0.5,1.0,0.1,0.55,0.25,3.4875,0.2355740886780714,0.6677096429765133,0.0,190.0,538.0,77.73944926376356,True,0,0,279,0.25,0.8
gate=0.25;rede=0.8,j6024_9.sm,10,0.1,0.5,1.0,0.1,0.55,0.11666666666666667,1.9,0.13093243489052261,0.7215727510807606,0.0,164.0,537.0,43.20770351387246,True,0,0,152,0.25,0.8
gate=0.25;rede=0.8,j6024_9.sm,11,0.1,0.5,1.0,0.1,0.55,0.25,2.3375,0.197037856843739,0.7036321696503136,0.0,154.0,520.0,65.02249275843387,True,0,0,187,0.25,0.8
gate=0.25;rede=0.8,j6039_9.sm,0,0.1,0.5,1.0,0.1,0.55,0.2,2.4583333333333335,0.16628220148650058,0.737500005201225,0.0,157.0,599.0,56.2033841024372,True,0,0,177,0.25,0.8
gate=0.25;rede=0.8,j6039_9.sm,1,0.1,0.5,1.0,0.1,0.55,0.2,2.4305555555555554,0.1434791561110946,0.7971182430315596,0.0,78.0,497.0,48.495954765549975,True,0,0,175,0.25,0.8
gate=0.25;rede=0.8,j6039_9.sm,2,0.1,0.5,1.0,0.1,0.55,0.25,3.5416666666666665,0.16891494137351934,0.7636649102991445,0.0,106.0,527.0,57.093250184249534,True,0,0,255,0.25,0.8
gate=0.25;rede=0.8,j6039_9.sm,3,0.1,0.5,1.0,0.1,0.55,0.31666666666666665,3.5277777777777777,0.26566114915707506,0.6860212050920487,0.0,172.0,572.0,89.79346841509137,True,0,0,254,0.25,0.8
gate=0.25;rede=0.8,j6039_9.sm,4,0.1,0.5,1.0,0.1,0.55,0.15,2.263888888888889,0.13334810761399504,0.7645548028154865,0.0,132.0,575.0,45.07166037353032,True,0,0,163,0.25,0.8
gate=0.25;rede=0.8,j6039_9.sm,5,0.1,0.5,1.0,0.1,0.55,0.23333333333333334,3.5416666666666665,0.2205267969318032,0.7682782328137922,0.0,101.0,582.0,74.53805736294947,True,0,0,255,0.25,0.8
gate=0.25;rede=0.8,j6039_9.sm,6,0.1,0.5,1.0,0.1,0.55,0.2,1.7777777777777777,0.12694487828590634,0.8178750166583335,0.0,74.0,525.0,42.907368860636346,True,0,0,128,0.25,0.8
gate=0.25;rede=0.8,j6039_9.sm,7,0.1,0.5,1.0,0.1,0.55,0.18333333333333332,3.3055555555555554,0.14009992407765062,0.6934433469235389,0.0,198.0,555.0,47.35377433824591,True,0,0,238,0.25,0.8
gate=0.25;rede=0.8,j6039_9.sm,8,0.1,0.5,1.0,0.1,0.55,0.18333333333333332,2.7083333333333335,0.11826983219250219,0.7116217081585466,0.0,221.0,644.0,39.97520328106574,True,0,0,195,0.25,0.8
gate=0.25;rede=0.8,j6039_9.sm,9,0.1,0.5,1.0,0.1,0.55,0.2,3.9027777777777777,0.13823263030669575,0.6813988238157749,0.0,224.0,579.0,46.72262904366316,True,0,0,281,0.25,0.8
gate=0.25;rede=0.8,j6039_9.sm,10,0.1,0.5,1.0,0.1,0.55,0.25,2.4583333333333335,0.2670716099707309,0.6742742641298258,0.0,216.0,634.0,90.27020417010705,True,0,0,177,0.25,0.8
gate=0.25;rede=0.8,j6039_9.sm,11,0.1,0.5,1.0,0.1,0.55,0.15,2.1666666666666665,0.09615384615384616,0.7738693467336684,0.0,125.0,539.0,32.5,True,0,0,156,0.25,0.8
gate=0.25;rede=0.8,j609_9.sm,0,0.1,0.5,1.0,0.1,0.55,0.13333333333333333,2.8375,0.06349383700506352,0.7833685592356514,0.0,142.0,595.0,22.54031213679755,True,0,0,227,0.25,0.8
gate=0.25;rede=0.8,j609_9.sm,1,0.1,0.5,1.0,0.1,0.55,0.11666666666666667,2.75,0.127606169406861,0.8414140534298176,0.0,61.0,564.0,45.30019013943566,True,0,0,220,0.25,0.8
gate=0.25;rede=0.8,j609_9.sm,2,0.1,0.5,1.0,0.1,0.55,0.25,3.45,0.21259474467458836,0.8159184866566505,0.0,52.0,565.0,75.47113435947887,True,0,0,276,0.25,0.8
gate=0.25;rede=0.8,j609_9.sm,3,0.1,0.5,1.0,0.1,0.55,0.2833333333333333,3.4375,0.3514141061160378,0.6617024224087212,0.0,182.0,600.0,124.75200767119343,True,0,0,275,0.25,0.8
gate=0.25;rede=0.8,j609_9.sm,4,0.1,0.5,1.0,0.1,0.55,0.23333333333333334,3.3,0.2160483181289099,0.7147222983594202,0.0,158.0,588.0,76.69715293576301,True,0,0,264,0.25,0.8
gate=0.25;rede=0.8,j609_9.sm,5,0.1,0.5,1.0,0.1,0.55,0.38333333333333336,2.7625,0.27456561427867976,0.7498707227868474,0.0,102.0,598.0,97.47079306893131,True,0,0,221,0.25,0.8
gate=0.25;rede=0.8,j609_9.sm,6,0.1,0.5,1.0,0.1,0.55,0.2,2.625,0.18535728864057882,0.7996612382835848,0.0,77.0,570.0,65.80183746740548,True,0,0,210,0.25,0.8
gate=0.25;rede=0.8,j609_9.sm,7,0.1,0.5,1.0,0.1,0.55,0.18333333333333332,3.3375,0.15089032068280334,0.771793573111143,0.0,120.0,587.0,53.56606384239519,True,0,0,267,0.25,0.8
gate=0.25;rede=0.8,j609_9.sm,8,0.1,0.5,1.0,0.1,0.55,0.2833333333333333,3.0375,0.3245317058635101,0.6716353374034616,0.0,184.0,612.0,115.20875558154609,True,0,0,243,0.25,0.8
gate=0.25;rede=0.8,j609_9.sm,9,0.1,0.5,1.0,0.1,0.55,0.26666666666666666,3.375,0.20549855055257032,0.8070968343583175,0.0,64.0,573.0,72.95198544616247,True,0,0,270,0.25,0.8
gate=0.25;rede=0.8,j609_9.sm,10,0.1,0.5,1.0,0.1,0.55,0.23333333333333334,3.0625,0.18843719025143116,0.6859477017145016,0.0,222.0,631.0,66.89520253925807,True,0,0,245,0.25,0.8
gate=0.25;rede=0.8,j609_9.sm,11,0.1,0.5,1.0,0.1,0.55,0.23333333333333334,2.7875,0.24159145311694308,0.7979220862552976,0.0,71.0,619.0,85.76496585651479,True,0,0,223,0.25,0.8
gate=0.8;rede=0.25,j6010_1.sm,0,0.1,0.5,1.0,0.1,0.55,0.16666666666666666,2.588235294117647,0.12159346243585152,0.9171820540583682,10.0,4.0,590.0,39.27468836678004,True,0,0,220,0.8,0.25
gate=0.8;rede=0.25,j6010_1.sm,1,0.1,0.5,1.0,0.1,0.55,0.25,2.5058823529411764,0.17627569589896241,0.891813744173727,10.0,5.0,593.0,56.93704977536486,True,0,0,213,0.8,0.25
gate=0.8;rede=0.25,j6010_1.sm,2,0.1,0.5,1.0,0.1,0.55,0.35,2.8,0.2615834188329252,0.860164946349718,12.0,3.0,612.0,84.49144428303484,True,0,0,238,0.8,0.25
gate=0.8;rede=0.25,j6010_1.sm,3,0.1,0.5,1.0,0.1,0.55,0.16666666666666666,2.3294117647058825,0.09526290758716678,0.9288829711121511,13.0,5.0,637.0,30.76991915065487,True,0,0,198,0.8,0.25
gate=0.8;rede=0.25,j6010_1.sm,4,0.1,0.5,1.0,0.1,0.55,0.13333333333333333,2.1294117647058823,0.1697820152347873,0.896657917831098,15.0,3.0,632.0,54.8395909208363,True,0,0,181,0.8,0.25
gate=0.8;rede=0.25,j6010_1.sm,5,0.1,0.5,1.0,0.1,0.55,0.11666666666666667,2.0352941176470587,0.1213983537290232,0.9145610162013781,10.0,6.0,591.0,39.211668254474496,True,0,0,173,0.8,0.25
gate=0.8;rede=0.25,j6010_1.sm,6,0.1,0.5,1.0,0.1,0.55,0.15,2.1176470588235294,0.14221174019924365,0.9137796892570985,7.0,5.0,614.0,45.9343920843557,True,0,0,180,0.8,0.25
gate=0.8;rede=0.25,j6010_1.sm,7,0.1,0.5,1.0,0.1,0.55,0.16666666666666666,2.5058823529411764,0.08740690412050565,0.9253391331125623,12.0,6.0,573.0,28.232430030923325,True,0,0,213,0.8,0.25
gate=0.8;rede=0.25,j6010_1.sm,8,0.1,0.5,1.0,0.1,0.55,0.21666666666666667,2.611764705882353,0.22522856721289608,0.879762877479048,15.0,3.0,664.0,72.74882720976544,True,0,0,222,0.8,0.25
gate=0.8;rede=0.25,j6010_1.sm,9,0.1,0.5,1.0,0.1,0.55,0.18333333333333332,2.1294117647058823,0.13848844747968264,0.9058582007186156,11.0,6.0,594.0,44.73176853593749,True,0,0,181,0.8,0.25
gate=0.8;rede=0.25,j6010_1.sm,10,0.1,0.5,1.0,0.1,0.55,0.2,2.1294117647058823,0.1565992327308922,0.9019677520667254,15.0,3.0,631.0,50.58155217207818,True,0,0,181,0.8,0.25
gate=0.8;rede=0.25,j6010_1.sm,11,0.1,0.5,1.0,0.1,0.55,0.18333333333333332,2.235294117647059,0.12854322863496978,0.9139294466075155,15.0,3.0,632.0,41.51946284909524,True,0,0,190,0.8,0.25
gate=0.8;rede=0.25,j6024_9.sm,0,0.1,0.5,1.0,0.1,0.55,0.11666666666666667,2.3125,0.07281206948769953,0.9304204703778666,13.0,5.0,562.0,24.027982930940844,True,0,0,185,0.8,0.25
gate=0.8;rede=0.25,j6024_9.sm,1,0.1,0.5,1.0,0.1,0.55,0.23333333333333334,3.0875,0.1826525856411252,0.8806588971390676,8.0,11.0,585.0,60.27535326157131,True,0,0,247,0.8,0.25
gate=0.8;rede=0.25,j6024_9.sm,2,0.1,0.5,1.0,0.1,0.55,0.2,1.85,0.11211120015797371,0.9066503093755652,11.0,11.0,573.0,36.99669605213133,True,0,0,148,0.8,0.25
gate=0.8;rede=0.25,j6024_9.sm,3,0.1,0.5,1.0,0.1,0.55,0.13333333333333333,2.85,0.09748566540703796,0.9100245521986522,14.0,9.0,558.0,32.170269584322526,True,0,0,228,0.8,0.25
gate=0.8;rede=0.25,j6024_9.sm,4,0.1,0.5,1.0,0.1,0.55,0.15,2.225,0.09590357490224434,0.9245064743598175,11.0,7.0,608.0,31.648179717740632,True,0,0,178,0.8,0.25
gate=0.8;rede=0.25,j6024_9.sm,5,0.1,0.5,1.0,0.1,0.55,0.15,2.525,0.08832764117584313,0.9212928361727897,13.0,8.0,587.0,29.148121588028232,True,0,0,202,0.8,0.25
gate=0.8;rede=0.25,j6024_9.sm,6,0.1,0.5,1.0,0.1,0.55,0.2833333333333333,3.05,0.23381861387825853,0.8669506048081239,7.0,7.0,594.0,77.16014257982532,True,0,0,244,0.8,0.25
gate=0.8;rede=0.25,j6024_9.sm,7,0.1,0.5,1.0,0.1,0.55,0.13333333333333333,2.9875,0.10316773107080596,0.9320335356650902,7.0,3.0,604.0,34.045351253365965,True,0,0,239,0.8,0.25
gate=0.8;rede=0.25,j6024_9.sm,8,0.1,0.5,1.0,0.1,0.55,0.21666666666666667,2.1625,0.15679134168751363,0.8898960537897729,17.0,5.0,596.0,51.7411427568795,True,0,0,173,0.8,0.25
gate=0.8;rede=0.25,j6024_9.sm,9,0.1,0.5,1.0,0.1,0.55,0.06666666666666667,2.025,0.06335661740404322,0.9373374097921172,11.0,7.0,582.0,20.90768374333426,True,0,0,162,0.8,0.25
gate=0.8;rede=0.25,j6024_9.sm,10,0.1,0.5,1.0,0.1,0.55,0.26666666666666666,2.75,0.20631794442765375,0.875073566471884,13.0,5.0,603.0,68.08492166112573,True,0,0,220,0.8,0.25
gate=0.8;rede=0.25,j6024_9.sm,11,0.1,0.5,1.0,0.1,0.55,0.18333333333333332,1.925,0.14995083934091175,0.895344506591831,8.0,13.0,603.0,49.48377698250088,True,0,0,154,0.8,0.25
gate=0.8;rede=0.25,j6039_9.sm,0,0.1,0.5,1.0,0.1,0.55,0.13333333333333333,2.7083333333333335,0.06840477786532659,0.9261388852688941,8.0,20.0,641.0,23.120814918480388,True,0,0,195,0.8,0.25
gate=0.8;rede=0.25,j6039_9.sm,1,0.1,0.5,1.0,0.1,0.55,0.23333333333333334,3.361111111111111,0.1983494635766812,0.8870239996082959,5.0,11.0,652.0,67.04211868891825,True,0,0,242,0.8,0.25
gate=0.8;rede=0.25,j6039_9.sm,2,0.1,0.5,1.0,0.1,0.55,0.2,2.1527777777777777,0.12552956624617317,0.9105914841624899,9.0,12.0,646.0,42.42899339120653,True,0,0,155,0.8,0.25
gate=0.8;rede=0.25,j6039_9.sm,3,0.1,0.5,1.0,0.1,0.55,0.23333333333333334,2.388888888888889,0.19403330112475942,0.8847492787993804,9.0,11.0,657.0,65.58325578016868,True,0,0,172,0.8,0.25
gate=0.8;rede=0.25,j6039_9.sm,4,0.1,0.5,1.0,0.1,0.55,0.13333333333333333,2.2222222222222223,0.08739337601434649,0.8998809512312189,9.0,33.0,643.0,29.538961092849114,True,0,0,160,0.8,0.25
gate=0.8;rede=0.25,j6039_9.sm,5,0.1,0.5,1.0,0.1,0.55,0.15,2.4722222222222223,0.11695187514823223,0.9212492919338934,9.0,9.0,673.0,39.52973380010249,True,0,0,178,0.8,0.25
gate=0.8;rede=0.25,j6039_9.sm,6,0.1,0.5,1.0,0.1,0.55,0.2833333333333333,2.875,0.17883942797715066,0.8904459268137177,8.0,13.0,662.0,60.44772665627693,True,0,0,207,0.8,0.25
gate=0.8;rede=0.25,j6039_9.sm,7,0.1,0.5,1.0,0.1,0.55,0.15,2.5555555555555554,0.09009680737749569,0.9331088791274083,9.0,7.0,648.0,30.452720893593543,True,0,0,184,0.8,0.25
gate=0.8;rede=0.25,j6039_9.sm,8,0.1,0.5,1.0,0.1,0.55,0.26666666666666666,2.3472222222222223,0.14571375416856538,0.8979864151030098,13.0,10.0,636.0,49.2512489089751,True,0,0,169,0.8,0.25
gate=0.8;rede=0.25,j6039_9.sm,9,0.1,0.5,1.0,0.1,0.55,0.2,2.763888888888889,0.13460894072857332,0.9060480311772526,9.0,10.0,622.0,45.49782196625778,True,0,0,199,0.8,0.25
gate=0.8;rede=0.25,j6039_9.sm,10,0.1,0.5,1.0,0.1,0.55,0.15,2.0694444444444446,0.08821978227718447,0.9247407948289688,9.0,14.0,649.0,29.818286409688348,True,0,0,149,0.8,0.25
gate=0.8;rede=0.25,j6039_9.sm,11,0.1,0.5,1.0,0.1,0.55,0.23333333333333334,2.3194444444444446,0.18520889960980222,0.8759600680580628,4.0,27.0,661.0,62.60060806811315,True,0,0,167,0.8,0.25
gate=0.8;rede=0.25,j609_9.sm,0,0.1,0.5,1.0,0.1,0.55,0.2,3.2,0.17449596601784892,0.8972608693328809,11.0,4.0,672.0,61.94606793633637,True,0,0,256,0.8,0.25
gate=0.8;rede=0.25,j609_9.sm,1,0.1,0.5,1.0,0.1,0.55,0.23333333333333334,4.4,0.29695064570002655,0.8551148238608928,9.0,3.0,693.0,105.41747922350943,True,0,0,352,0.8,0.25
gate=0.8;rede=0.25,j609_9.sm,2,0.1,0.5,1.0,0.1,0.55,0.3,4.2,0.26734244337627416,0.8536990370220405,13.0,4.0,653.0,94.90656739857732,True,0,0,336,0.8,0.25
gate=0.8;rede=0.25,j609_9.sm,3,0.1,0.5,1.0,0.1,0.55,0.2833333333333333,2.9,0.25115997254787203,0.870148651406784,11.0,4.0,698.0,89.16179025449458,True,0,0,232,0.8,0.25
gate=0.8;rede=0.25,j609_9.sm,4,0.1,0.5,1.0,0.1,0.55,0.15,2.825,0.15293001803180392,0.9048591336951818,11.0,4.0,659.0,54.29015640129039,True,0,0,226,0.8,0.25
gate=0.8;rede=0.25,j609_9.sm,5,0.1,0.5,1.0,0.1,0.55,0.2833333333333333,3.1375,0.2525674328188255,0.8709339005574341,13.0,3.0,713.0,89.66143865068305,True,0,0,251,0.8,0.25
gate=0.8;rede=0.25,j609_9.sm,6,0.1,0.5,1.0,0.1,0.55,0.31666666666666665,3.5875,0.25794761021832435,0.8785079598558756,5.0,3.0,720.0,91.57140162750515,True,0,0,287,0.8,0.25
gate=0.8;rede=0.25,j609_9.sm,7,0.1,0.5,1.0,0.1,0.55,0.3,3.025,0.2119551560724751,0.8796152782584824,12.0,5.0,674.0,75.24408040572865,True,0,0,242,0.8,0.25
gate=0.8;rede=0.25,j609_9.sm,8,0.1,0.5,1.0,0.1,0.55,0.21666666666666667,4.275,0.16127236450951515,0.9015814677025482,17.0,5.0,726.0,57.25168940087788,True,0,0,342,0.8,0.25
gate=0.8;rede=0.25,j609_9.sm,9,0.1,0.5,1.0,0.1,0.55,0.23333333333333334,3.7125,0.22451868771779274,0.8890788100836454,6.0,3.0,711.0,79.70413413981642,True,0,0,297,0.8,0.25
gate=0.8;rede=0.25,j609_9.sm,10,0.1,0.5,1.0,0.1,0.55,0.2833333333333333,3.2,0.32298103507395987,0.8377910104153994,13.0,4.0,680.0,114.65826745125575,True,0,0,256,0.8,0.25
gate=0.8;rede=0.25,j609_9.sm,11,0.1,0.5,1.0,0.1,0.55,0.23333333333333334,3.25,0.23755346012170303,0.8793339847463819,9.0,3.0,702.0,84.33147834320458,True,0,0,260,0.8,0.25
gate=0.8;rede=0.8,j6010_1.sm,0,0.1,0.5,1.0,0.1,0.55,0.16666666666666666,2.2705882352941176,0.10481070588439047,0.9175258990245063,8.0,3.0,499.0,33.85385800065812,True,0,0,193,0.8,0.8
gate=0.8;rede=0.8,j6010_1.sm,1,0.1,0.5,1.0,0.1,0.55,0.21666666666666667,2.4705882352941178,0.1319443123006989,0.896421245660144,8.0,6.0,490.0,42.61801287312574,True,0,0,210,0.8,0.8
gate=0.8;rede=0.8,j6010_1.sm,2,0.1,0.5,1.0,0.1,0.55,0.21666666666666667,4.1647058823529415,0.1943222129011906,0.869687507290966,12.0,3.0,519.0,62.76607476708456,True,0,0,354,0.8,0.8
gate=0.8;rede=0.8,j6010_1.sm,3,0.1,0.5,1.0,0.1,0.55,0.18333333333333332,2.376470588235294,0.17260444750126744,0.8813541300831745,11.0,5.0,533.0,55.75123654290938,True,0,0,202,0.8,0.8
gate=0.8;rede=0.8,j6010_1.sm,4,0.1,0.5,1.0,0.1,0.55,0.2,2.176470588235294,0.16029252665770158,0.8822916847041251,15.0,3.0,523.0,51.77448611043761,True,0,0,185,0.8,0.8
gate=0.8;rede=0.8,j6010_1.sm,5,0.1,0.5,1.0,0.1,0.55,0.2,1.7411764705882353,0.17369614683693035,0.8737638253603787,11.0,6.0,506.0,56.1038554283285,True,0,0,148,0.8,0.8
gate=0.8;rede=0.8,j6010_1.sm,6,0.1,0.5,1.0,0.1,0.55,0.25,2.6588235294117646,0.22334457513728442,0.8489506679915232,11.0,6.0,501.0,72.14029776934287,True,0,0,226,0.8,0.8
gate=0.8;rede=0.8,j6010_1.sm,7,0.1,0.5,1.0,0.1,0.55,0.3,1.8705882352941177,0.16232754295039345,0.8774224949630857,12.0,5.0,497.0,52.43179637297708,True,0,0,159,0.8,0.8
gate=0.8;rede=0.8,j6010_1.sm,8,0.1,0.5,1.0,0.1,0.55,0.18333333333333332,2.376470588235294,0.1732374857451149,0.867736070111468,18.0,5.0,518.0,55.95570789567211,True,0,0,202,0.8,0.8
gate=0.8;rede=0.8,j6010_1.sm,9,0.1,0.5,1.0,0.1,0.55,0.15,1.8705882352941177,0.12099369189229846,0.8969253358443893,11.0,6.0,488.0,39.0809624812124,True,0,0,159,0.8,0.8
gate=0.8;rede=0.8,j6010_1.sm,10,0.1,0.5,1.0,0.1,0.55,0.25,2.8117647058823527,0.16151279418693634,0.8723436204099612,17.0,4.0,500.0,52.16863252238044,True,0,0,239,0.8,0.8
gate=0.8;rede=0.8,j6010_1.sm,11,0.1,0.5,1.0,0.1,0.55,0.08333333333333333,1.7529411764705882,0.11463017244734533,0.9036373309131184,15.0,3.0,516.0,37.02554570049254,True,0,0,149,0.8,0.8
gate=0.8;rede=0.8,j6024_9.sm,0,0.1,0.5,1.0,0.1,0.55,0.2,2.4875,0.14841283854913923,0.8835147742745929,8.0,10.0,508.0,48.97623672121595,True,0,0,199,0.8,0.8
gate=0.8;rede=0.8,j6024_9.sm,1,0.1,0.5,1.0,0.1,0.55,0.18333333333333332,1.8125,0.1382731143967883,0.8835070348216165,11.0,6.0,475.0,45.63012775094014,True,0,0,145,0.8,0.8
gate=0.8;rede=0.8,j6024_9.sm,2,0.1,0.5,1.0,0.1,0.55,0.15,1.6625,0.09848484848484848,0.8962892483349191,14.0,8.0,471.0,32.5,True,0,0,133,0.8,0.8
gate=0.8;rede=0.8,j6024_9.sm,3,0.1,0.5,1.0,0.1,0.55,0.2,2.2125,0.12484294946737097,0.8818144528517903,15.0,8.0,479.0,41.19817332423242,True,0,0,177,0.8,0.8
gate=0.8;rede=0.8,j6024_9.sm,4,0.1,0.5,1.0,0.1,0.55,0.2,2.0875,0.13152028393690612,0.891637046708048,11.0,6.0,497.0,43.40169369917902,True,0,0,167,0.8,0.8
gate=0.8;rede=0.8,j6024_9.sm,5,0.1,0.5,1.0,0.1,0.55,0.16666666666666666,2.2375,0.14301177041206112,0.8614261042763618,14.0,12.0,455.0,47.19388423598017,True,0,0,179,0.8,0.8
gate=0.8;rede=0.8,j6024_9.sm,6,0.1,0.5,1.0,0.1,0.55,0.18333333333333332,1.7,0.11593426332412071,0.8986054933398557,9.0,6.0,472.0,38.25830689695984,True,0,0,136,0.8,0.8
gate=0.8;rede=0.8,j6024_9.sm,7,0.1,0.5,1.0,0.1,0.55,0.23333333333333334,1.8875,0.14993566399633118,0.8790741708574273,9.0,7.0,476.0,49.47876911878929,True,0,0,151,0.8,0.8
gate=0.8;rede=0.8,j6024_9.sm,8,0.1,0.5,1.0,0.1,0.55,0.13333333333333333,1.9375,0.12287930617361939,0.8874321994792271,13.0,10.0,501.0,40.5501710372944,True,0,0,155,0.8,0.8
gate=0.8;rede=0.8,j6024_9.sm,9,0.1,0.5,1.0,0.1,0.55,0.2,2.425,0.1855353932702338,0.8575438564177953,10.0,12.0,501.0,61.226679779177154,True,0,0,194,0.8,0.8
gate=0.8;rede=0.8,j6024_9.sm,10,0.1,0.5,1.0,0.1,0.55,0.13333333333333333,1.4625,0.0899582647937621,0.8999665747026747,14.0,9.0,474.0,29.686227381941492,True,0,0,117,0.8,0.8
gate=0.8;rede=0.8,j6024_9.sm,11,0.1,0.5,1.0,0.1,0.55,0.18333333333333332,2.2125,0.11969696969696969,0.8901200369344414,10.0,10.0,482.0,39.5,True,0,0,177,0.8,0.8
gate=0.8;rede=0.8,j6039_9.sm,0,0.1,0.5,1.0,0.1,0.55,0.23333333333333334,2.0833333333333335,0.13648139796152817,0.8933838235762444,11.0,6.0,529.0,46.13071251099652,True,0,0,150,0.8,0.8
gate=0.8;rede=0.8,j6039_9.sm,1,0.1,0.5,1.0,0.1,0.55,0.23333333333333334,2.7083333333333335,0.18683938595487654,0.868670161009864,7.0,13.0,550.0,63.15171245274827,True,0,0,195,0.8,0.8
gate=0.8;rede=0.8,j6039_9.sm,2,0.1,0.5,1.0,0.1,0.55,0.2,2.2916666666666665,0.14982320120905218,0.8938959389458199,8.0,7.0,553.0,50.640242008659634,True,0,0,165,0.8,0.8
gate=0.8;rede=0.8,j6039_9.sm,3,0.1,0.5,1.0,0.1,0.55,0.15,2.0416666666666665,0.10949990669014581,0.8941986644902173,7.0,20.0,541.0,37.010968461269286,True,0,0,147,0.8,0.8
gate=0.8;rede=0.8,j6039_9.sm,4,0.1,0.5,1.0,0.1,0.55,0.21666666666666667,1.6805555555555556,0.15923556807808795,0.8855540603440579,8.0,9.0,548.0,53.821622010393725,True,0,0,121,0.8,0.8
gate=0.8;rede=0.8,j6039_9.sm,5,0.1,0.5,1.0,0.1,0.55,0.2,2.6944444444444446,0.15040429938237218,0.8801706793941473,8.0,14.0,535.0,50.836653191241794,True,0,0,194,0.8,0.8
gate=0.8;rede=0.8,j6039_9.sm,6,0.1,0.5,1.0,0.1,0.55,0.23333333333333334,2.2083333333333335,0.13306436959813103,0.8927114856426615,8.0,10.0,524.0,44.97575692416829,True,0,0,159,0.8,0.8
gate=0.8;rede=0.8,j6039_9.sm,7,0.1,0.5,1.0,0.1,0.55,0.23333333333333334,2.8194444444444446,0.14464188509606885,0.8966553617128185,8.0,8.0,563.0,48.88895716247127,True,0,0,203,0.8,0.8
gate=0.8;rede=0.8,j6039_9.sm,8,0.1,0.5,1.0,0.1,0.55,0.21666666666666667,2.5416666666666665,0.12153734514607703,0.8993977107981058,14.0,7.0,555.0,41.07962265937404,True,0,0,183,0.8,0.8
gate=0.8;rede=0.8,j6039_9.sm,9,0.1,0.5,1.0,0.1,0.55,0.23333333333333334,2.4722222222222223,0.1799241468064668,0.8740364831414413,10.0,6.0,533.0,60.81436162058578,True,0,0,178,0.8,0.8
gate=0.8;rede=0.8,j6039_9.sm,10,0.1,0.5,1.0,0.1,0.55,0.15,1.6944444444444444,0.12865748950889305,0.8910081852140417,12.0,8.0,519.0,43.48623145400585,True,0,0,122,0.8,0.8
gate=0.8;rede=0.8,j6039_9.sm,11,0.1,0.5,1.0,0.1,0.55,0.25,2.8472222222222223,0.1812636290942267,0.8779865465544795,5.0,11.0,556.0,61.26710663384862,True,0,0,205,0.8,0.8
gate=0.8;rede=0.8,j609_9.sm,0,0.1,0.5,1.0,0.1,0.55,0.13333333333333333,3.4125,0.11328537696872483,0.9096615911146996,11.0,4.0,556.0,40.216308823897315,True,0,0,273,0.8,0.8
gate=0.8;rede=0.8,j609_9.sm,1,0.1,0.5,1.0,0.1,0.55,0.2833333333333333,3.2125,0.21227248774991211,0.8704591667039383,9.0,3.0,587.0,75.3567331512188,True,0,0,257,0.8,0.8
gate=0.8;rede=0.8,j609_9.sm,2,0.1,0.5,1.0,0.1,0.55,0.26666666666666666,3.3375,0.18793154983633262,0.8746144980582226,10.0,5.0,570.0,66.71570019189808,True,0,0,267,0.8,0.8
gate=0.8;rede=0.8,j609_9.sm,3,0.1,0.5,1.0,0.1,0.55,0.3,2.5625,0.21051712276644372,0.8665125676795793,11.0,3.0,576.0,74.73357858208752,True,0,0,205,0.8,0.8
gate=0.8;rede=0.8,j609_9.sm,4,0.1,0.5,1.0,0.1,0.55,0.23333333333333334,2.7375,0.23345135292009114,0.847361157350562,14.0,4.0,560.0,82.87523028663236,True,0,0,219,0.8,0.8
gate=0.8;rede=0.8,j609_9.sm,5,0.1,0.5,1.0,0.1,0.55,0.15,2.625,0.15814066811931327,0.8865973774545827,13.0,3.0,564.0,56.139937182356206,True,0,0,210,0.8,0.8
gate=0.8;rede=0.8,j609_9.sm,6,0.1,0.5,1.0,0.1,0.55,0.2,2.6,0.1521611859469642,0.8979019732377787,7.0,3.0,563.0,54.01722101117229,True,0,0,208,0.8,0.8
gate=0.8;rede=0.8,j609_9.sm,7,0.1,0.5,1.0,0.1,0.55,0.2,3.2375,0.19963140523275358,0.8707974807384012,10.0,4.0,572.0,70.86914885762752,True,0,0,259,0.8,0.8
gate=0.8;rede=0.8,j609_9.sm,8,0.1,0.5,1.0,0.1,0.55,0.26666666666666666,2.675,0.2535261827942674,0.850413398337707,15.0,3.0,614.0,90.00179489196493,True,0,0,214,0.8,0.8
gate=0.8;rede=0.8,j609_9.sm,9,0.1,0.5,1.0,0.1,0.55,0.18333333333333332,3.0125,0.14970166538139174,0.8892177428511677,12.0,4.0,555.0,53.144091210394066,True,0,0,241,0.8,0.8
gate=0.8;rede=0.8,j609_9.sm,10,0.1,0.5,1.0,0.1,0.55,0.18333333333333332,2.5,0.23192557996591345,0.8528675145168368,13.0,3.0,570.0,82.33358088789927,True,0,0,200,0.8,0.8
gate=0.8;rede=0.8,j609_9.sm,11,0.1,0.5,1.0,0.1,0.55,0.13333333333333333,2.525,0.1834424544538337,0.872474050206496,12.0,4.0,555.0,65.12207133111096,True,0,0,202,0.8,0.8
controle=0.25,j6010_1.sm,0,0.1,0.5,1.0,0.1,0.55,0.15,2.5176470588235293,0.17096889040681953,0.7928507567632851,0.0,118.0,663.0,55.222951601402706,True,0,0,214,0.25,
controle=0.25,j6010_1.sm,1,0.1,0.5,1.0,0.1,0.55,0.16666666666666666,2.764705882352941,0.17962348631706626,0.7912961500915328,0.0,91.0,565.0,58.018386080412405,True,0,0,235,0.25,
controle=0.25,j6024_9.sm,0,0.1,0.5,1.0,0.1,0.55,0.23333333333333334,2.6375,0.19687306292170467,0.7346508285347714,0.0,168.0,645.0,64.96811076416255,True,0,0,211,0.25,
controle=0.25,j6024_9.sm,1,0.1,0.5,1.0,0.1,0.55,0.2,4.0,0.1669256736340072,0.8057594812294137,0.0,91.0,606.0,55.085472299222374,True,0,0,320,0.25,
controle=0.25,j6039_9.sm,0,0.1,0.5,1.0,0.1,0.55,0.16666666666666666,2.6944444444444446,0.08762099407148585,0.7754300412728362,0.0,165.0,672.0,29.615895996162216,True,0,0,194,0.25,
controle=0.25,j6039_9.sm,1,0.1,0.5,1.0,0.1,0.55,0.25,2.8194444444444446,0.1822320469742797,0.7980620445377989,0.0,113.0,690.0,61.59443187730653,True,0,0,203,0.25,
controle=0.25,j609_9.sm,0,0.1,0.5,1.0,0.1,0.55,0.2,3.3125,0.15950971468365618,0.819871366560822,0.0,102.0,722.0,56.62594871269795,True,0,0,265,0.25,
controle=0.25,j609_9.sm,1,0.1,0.5,1.0,0.1,0.55,0.2,5.075,0.21073212769630717,0.8178157434664441,0.0,74.0,668.0,74.80990533218905,True,0,0,406,0.25,
controle=0.8,j6010_1.sm,0,0.1,0.5,1.0,0.1,0.55,0.16666666666666666,2.2705882352941176,0.10481070588439047,0.9175258990245063,8.0,3.0,499.0,33.85385800065812,True,0,0,193,0.8,
controle=0.8,j6010_1.sm,1,0.1,0.5,1.0,0.1,0.55,0.21666666666666667,2.4705882352941178,0.1319443123006989,0.896421245660144,8.0,6.0,490.0,42.61801287312574,True,0,0,210,0.8,
controle=0.8,j6024_9.sm,0,0.1,0.5,1.0,0.1,0.55,0.2,2.4875,0.14841283854913923,0.8835147742745929,8.0,10.0,508.0,48.97623672121595,True,0,0,199,0.8,
controle=0.8,j6024_9.sm,1,0.1,0.5,1.0,0.1,0.55,0.18333333333333332,1.8125,0.1382731143967883,0.8835070348216165,11.0,6.0,475.0,45.63012775094014,True,0,0,145,0.8,
controle=0.8,j6039_9.sm,0,0.1,0.5,1.0,0.1,0.55,0.23333333333333334,2.0833333333333335,0.13648139796152817,0.8933838235762444,11.0,6.0,529.0,46.13071251099652,True,0,0,150,0.8,
controle=0.8,j6039_9.sm,1,0.1,0.5,1.0,0.1,0.55,0.23333333333333334,2.7083333333333335,0.18683938595487654,0.868670161009864,7.0,13.0,550.0,63.15171245274827,True,0,0,195,0.8,
controle=0.8,j609_9.sm,0,0.1,0.5,1.0,0.1,0.55,0.13333333333333333,3.4125,0.11328537696872483,0.9096615911146996,11.0,4.0,556.0,40.216308823897315,True,0,0,273,0.8,
controle=0.8,j609_9.sm,1,0.1,0.5,1.0,0.1,0.55,0.2833333333333333,3.2125,0.21227248774991211,0.8704591667039383,9.0,3.0,587.0,75.3567331512188,True,0,0,257,0.8,
