arquivo,semente,cenario,cruzou,primeiro_periodo,media_temporal,final
j6010_1.sm,0,adaptativa,True,13.0,0.9732493868378012,0.97
j6010_1.sm,0,centralizada,False,,0.25,0.25
j6010_1.sm,1,adaptativa,True,22.0,0.9515603866675323,0.9633333333333334
j6010_1.sm,1,centralizada,False,,0.25,0.25
j6010_1.sm,2,adaptativa,True,1.0,0.9163343504940594,0.8933333333333332
j6010_1.sm,2,centralizada,False,,0.25,0.25
j6010_1.sm,3,adaptativa,True,1.0,0.9020604939098857,0.8766666666666666
j6010_1.sm,3,centralizada,False,,0.25,0.25
j6010_1.sm,4,adaptativa,True,1.0,0.9331696679662805,0.9133333333333332
j6010_1.sm,4,centralizada,False,,0.25,0.25
j6010_1.sm,5,adaptativa,True,30.0,0.9389504174300548,0.949226375410953
j6010_1.sm,5,centralizada,False,,0.25,0.25
j6010_1.sm,6,adaptativa,False,,0.8611064719950958,0.8493517720815773
j6010_1.sm,6,centralizada,False,,0.25,0.25
j6010_1.sm,7,adaptativa,True,14.0,0.9700215760325617,0.9666666666666668
j6010_1.sm,7,centralizada,False,,0.25,0.25
j6010_1.sm,8,adaptativa,True,1.0,0.9385213034206842,0.921887230648981
j6010_1.sm,8,centralizada,False,,0.25,0.25
j6010_1.sm,9,adaptativa,True,13.0,0.9489042293761919,0.946959448258965
j6010_1.sm,9,centralizada,False,,0.25,0.25
j6010_1.sm,10,adaptativa,True,1.0,0.964654114778972,0.965
j6010_1.sm,10,centralizada,False,,0.25,0.25
j6010_1.sm,11,adaptativa,True,1.0,0.9715460548162566,0.9633333333333332
j6010_1.sm,11,centralizada,False,,0.25,0.25
j6013_1.sm,0,adaptativa,True,9.0,0.980894902883311,0.9860029873737972
j6013_1.sm,0,centralizada,False,,0.25,0.25
j6013_1.sm,1,adaptativa,True,4.0,0.9616670488137482,0.9616666666666666
j6013_1.sm,1,centralizada,False,,0.25,0.25
j6013_1.sm,2,adaptativa,False,,0.8810627670653398,0.8833333333333333
j6013_1.sm,2,centralizada,False,,0.25,0.25
j6013_1.sm,3,adaptativa,False,,0.9020641352831918,0.8966666666666666
j6013_1.sm,3,centralizada,False,,0.25,0.25
j6013_1.sm,4,adaptativa,False,,0.8883302373705609,0.8816666666666667
j6013_1.sm,4,centralizada,False,,0.25,0.25
j6013_1.sm,5,adaptativa,True,19.0,0.9781797111769487,0.9816666666666666
j6013_1.sm,5,centralizada,False,,0.25,0.25
j6013_1.sm,6,adaptativa,True,19.0,0.9495925182456616,0.9616666666666666
j6013_1.sm,6,centralizada,False,,0.25,0.25
j6013_1.sm,7,adaptativa,True,12.0,0.9924575728124629,0.9966666666666668
j6013_1.sm,7,centralizada,False,,0.25,0.25
j6013_1.sm,8,adaptativa,True,1.0,0.9618408140134669,0.9566666666666668
j6013_1.sm,8,centralizada,False,,0.25,0.25
j6013_1.sm,9,adaptativa,True,15.0,0.9464650556931048,0.9499999999999998
j6013_1.sm,9,centralizada,False,,0.25,0.25
j6013_1.sm,10,adaptativa,True,1.0,0.9982783927366486,1.0
j6013_1.sm,10,centralizada,False,,0.25,0.25
j6013_1.sm,11,adaptativa,True,49.0,0.9607821724399672,0.9817364771020748
j6013_1.sm,11,centralizada,False,,0.25,0.25
j6016_1.sm,0,adaptativa,True,12.0,0.9649428322802642,0.965
j6016_1.sm,0,centralizada,False,,0.25,0.25
j6016_1.sm,1,adaptativa,True,7.0,0.9471727550506056,0.9433333333333334
j6016_1.sm,1,centralizada,False,,0.25,0.25
j6016_1.sm,2,adaptativa,True,10.0,0.9063021414956594,0.8594910109655357
j6016_1.sm,2,centralizada,False,,0.25,0.25
j6016_1.sm,3,adaptativa,True,10.0,0.9323996747021712,0.9233333333333332
j6016_1.sm,3,centralizada,False,,0.25,0.25
j6016_1.sm,4,adaptativa,True,7.0,0.9409844632663068,0.93
j6016_1.sm,4,centralizada,False,,0.25,0.25
j6016_1.sm,5,adaptativa,True,23.0,0.92357397730269,0.9158826936256173
j6016_1.sm,5,centralizada,False,,0.25,0.25
j6016_1.sm,6,adaptativa,True,10.0,0.9177230197093998,0.9083333333333332
j6016_1.sm,6,centralizada,False,,0.25,0.25
j6016_1.sm,7,adaptativa,True,16.0,0.9757413314053135,0.98
j6016_1.sm,7,centralizada,False,,0.25,0.25
j6016_1.sm,8,adaptativa,True,1.0,0.9706087395467945,0.9668733576478448
j6016_1.sm,8,centralizada,False,,0.25,0.25
j6016_1.sm,9,adaptativa,True,10.0,0.9451177089885021,0.9499999999999998
j6016_1.sm,9,centralizada,False,,0.25,0.25
j6016_1.sm,10,adaptativa,True,1.0,0.9708481336115766,0.96
j6016_1.sm,10,centralizada,False,,0.25,0.25
j6016_1.sm,11,adaptativa,True,7.0,0.9614280340408242,0.9583333333333334
j6016_1.sm,11,centralizada,False,,0.25,0.25
j6019_1.sm,0,adaptativa,True,11.0,0.9853493707630976,0.995
j6019_1.sm,0,centralizada,False,,0.25,0.25
j6019_1.sm,1,adaptativa,True,8.0,0.9492191253143302,0.945
j6019_1.sm,1,centralizada,False,,0.25,0.25
j6019_1.sm,2,adaptativa,False,,0.878164797632681,0.8584727748410743
j6019_1.sm,2,centralizada,False,,0.25,0.25
j6019_1.sm,3,adaptativa,True,35.0,0.9285220263222393,0.9333333333333332
j6019_1.sm,3,centralizada,False,,0.25,0.25
j6019_1.sm,4,adaptativa,False,,0.9163663176695929,0.9142480063165184
j6019_1.sm,4,centralizada,False,,0.25,0.25
j6019_1.sm,5,adaptativa,True,1.0,0.953079879597917,0.9466666666666668
j6019_1.sm,5,centralizada,False,,0.25,0.25
j6019_1.sm,6,adaptativa,False,,0.8879663035258464,0.8708448837625542
j6019_1.sm,6,centralizada,False,,0.25,0.25
j6019_1.sm,7,adaptativa,True,19.0,0.9747778556184961,0.98
j6019_1.sm,7,centralizada,False,,0.25,0.25
j6019_1.sm,8,adaptativa,True,1.0,0.9716508767452552,0.9687679930188534
j6019_1.sm,8,centralizada,False,,0.25,0.25
j6019_1.sm,9,adaptativa,True,7.0,0.9563339840453216,0.95486487344731
j6019_1.sm,9,centralizada,False,,0.25,0.25
j6019_1.sm,10,adaptativa,True,1.0,0.9868536748940504,0.9933333333333332
j6019_1.sm,10,centralizada,False,,0.25,0.25
j6019_1.sm,11,adaptativa,True,1.0,0.9884068477027774,0.9916666666666668
j6019_1.sm,11,centralizada,False,,0.25,0.25
j6021_1.sm,0,adaptativa,True,11.0,0.973361591999325,0.9725666334538512
j6021_1.sm,0,centralizada,False,,0.25,0.25
j6021_1.sm,1,adaptativa,True,24.0,0.9566529463845113,0.96
j6021_1.sm,1,centralizada,False,,0.25,0.25
j6021_1.sm,2,adaptativa,True,29.0,0.9367370528021658,0.9383333333333334
j6021_1.sm,2,centralizada,False,,0.25,0.25
j6021_1.sm,3,adaptativa,False,,0.8817539230862639,0.8816666666666667
j6021_1.sm,3,centralizada,False,,0.25,0.25
j6021_1.sm,4,adaptativa,False,,0.9055529270202974,0.9083333333333332
j6021_1.sm,4,centralizada,False,,0.25,0.25
j6021_1.sm,5,adaptativa,True,1.0,0.98051990384055,0.9740517913467664
j6021_1.sm,5,centralizada,False,,0.25,0.25
j6021_1.sm,6,adaptativa,True,23.0,0.9400404816588424,0.9566666666666668
j6021_1.sm,6,centralizada,False,,0.25,0.25
j6021_1.sm,7,adaptativa,True,20.0,0.9814683603736373,0.9816666666666666
j6021_1.sm,7,centralizada,False,,0.25,0.25
j6021_1.sm,8,adaptativa,True,1.0,0.9553185164196272,0.94
j6021_1.sm,8,centralizada,False,,0.25,0.25
j6021_1.sm,9,adaptativa,True,19.0,0.9404233128209312,0.935
j6021_1.sm,9,centralizada,False,,0.25,0.25
j6021_1.sm,10,adaptativa,True,1.0,0.9885448752455072,0.985
j6021_1.sm,10,centralizada,False,,0.25,0.25
j6021_1.sm,11,adaptativa,False,,0.9210676325520804,0.942111041627321
j6021_1.sm,11,centralizada,False,,0.25,0.25
j6024_1.sm,0,adaptativa,True,19.0,0.9549241358959794,0.9566666666666666
j6024_1.sm,0,centralizada,False,,0.25,0.25
j6024_1.sm,1,adaptativa,True,19.0,0.9537981727350571,0.9666666666666668
j6024_1.sm,1,centralizada,False,,0.25,0.25
j6024_1.sm,2,adaptativa,True,12.0,0.9161218522163151,0.8966666666666665
j6024_1.sm,2,centralizada,False,,0.25,0.25
j6024_1.sm,3,adaptativa,False,,0.8709170970158835,0.8216666666666667
j6024_1.sm,3,centralizada,False,,0.25,0.25
j6024_1.sm,4,adaptativa,False,,0.8835875377769076,0.8433333333333333
j6024_1.sm,4,centralizada,False,,0.25,0.25
j6024_1.sm,5,adaptativa,True,1.0,0.9622808455616642,0.955
j6024_1.sm,5,centralizada,False,,0.25,0.25
j6024_1.sm,6,adaptativa,True,12.0,0.9193252276670153,0.9066666666666666
j6024_1.sm,6,centralizada,False,,0.25,0.25
j6024_1.sm,7,adaptativa,True,18.0,0.9782837262394982,0.975
j6024_1.sm,7,centralizada,False,,0.25,0.25
j6024_1.sm,8,adaptativa,True,1.0,0.949075310249553,0.915
j6024_1.sm,8,centralizada,False,,0.25,0.25
j6024_1.sm,9,adaptativa,True,7.0,0.9386135787987887,0.9267778204375752
j6024_1.sm,9,centralizada,False,,0.25,0.25
j6024_1.sm,10,adaptativa,True,1.0,0.9815187723296004,0.9829490170006792
j6024_1.sm,10,centralizada,False,,0.25,0.25
j6024_1.sm,11,adaptativa,True,8.0,0.966208036120202,0.9660862158896928
j6024_1.sm,11,centralizada,False,,0.25,0.25
j6027_1.sm,0,adaptativa,True,16.0,0.9774339058776326,0.9983333333333334
j6027_1.sm,0,centralizada,False,,0.25,0.25
j6027_1.sm,1,adaptativa,True,7.0,0.9547860664577046,0.9566666666666668
j6027_1.sm,1,centralizada,False,,0.25,0.25
j6027_1.sm,2,adaptativa,False,,0.8760423161209172,0.8801394415077409
j6027_1.sm,2,centralizada,False,,0.25,0.25
j6027_1.sm,3,adaptativa,True,19.0,0.9301004755779958,0.9133333333333332
j6027_1.sm,3,centralizada,False,,0.25,0.25
j6027_1.sm,4,adaptativa,True,19.0,0.9629741784605987,0.9866666666666668
j6027_1.sm,4,centralizada,False,,0.25,0.25
j6027_1.sm,5,adaptativa,True,18.0,0.9647243640875814,0.945
j6027_1.sm,5,centralizada,False,,0.25,0.25
j6027_1.sm,6,adaptativa,False,,0.8978868104414494,0.9004405150250115
j6027_1.sm,6,centralizada,False,,0.25,0.25
j6027_1.sm,7,adaptativa,True,17.0,0.984249900003626,0.9966666666666668
j6027_1.sm,7,centralizada,False,,0.25,0.25
j6027_1.sm,8,adaptativa,True,1.0,0.9410990845736995,0.925
j6027_1.sm,8,centralizada,False,,0.25,0.25
j6027_1.sm,9,adaptativa,False,,0.904111023809675,0.9038140253003524
j6027_1.sm,9,centralizada,False,,0.25,0.25
j6027_1.sm,10,adaptativa,True,1.0,0.9872230740319587,0.9916666666666666
j6027_1.sm,10,centralizada,False,,0.25,0.25
j6027_1.sm,11,adaptativa,True,52.0,0.9379544363325052,0.9824476756452616
j6027_1.sm,11,centralizada,False,,0.25,0.25
j602_1.sm,0,adaptativa,True,6.0,0.9893502129314222,0.995
j602_1.sm,0,centralizada,False,,0.25,0.25
j602_1.sm,1,adaptativa,True,7.0,0.9570497684558676,0.9666666666666668
j602_1.sm,1,centralizada,False,,0.25,0.25
j602_1.sm,2,adaptativa,True,6.0,0.9452850403504055,0.9433333333333334
j602_1.sm,2,centralizada,False,,0.25,0.25
j602_1.sm,3,adaptativa,True,17.0,0.9138643933915381,0.8799999999999999
j602_1.sm,3,centralizada,False,,0.25,0.25
j602_1.sm,4,adaptativa,True,5.0,0.9260824450055036,0.915
j602_1.sm,4,centralizada,False,,0.25,0.25
j602_1.sm,5,adaptativa,True,19.0,0.950121343433057,0.9366666666666664
j602_1.sm,5,centralizada,False,,0.25,0.25
j602_1.sm,6,adaptativa,True,6.0,0.9378887484043709,0.93
j602_1.sm,6,centralizada,False,,0.25,0.25
j602_1.sm,7,adaptativa,True,5.0,0.9872394512100178,0.9916666666666668
j602_1.sm,7,centralizada,False,,0.25,0.25
j602_1.sm,8,adaptativa,True,1.0,0.9883447162665612,0.99
j602_1.sm,8,centralizada,False,,0.25,0.25
j602_1.sm,9,adaptativa,True,5.0,0.9297778560775843,0.9116666666666666
j602_1.sm,9,centralizada,False,,0.25,0.25
j602_1.sm,10,adaptativa,True,1.0,0.981629642901683,0.9766666666666666
j602_1.sm,10,centralizada,False,,0.25,0.25
j602_1.sm,11,adaptativa,True,5.0,0.940917002241927,0.9333333333333332
j602_1.sm,11,centralizada,False,,0.25,0.25
j6032_1.sm,0,adaptativa,True,14.0,0.9599140284936358,0.9616666666666666
j6032_1.sm,0,centralizada,False,,0.25,0.25
j6032_1.sm,1,adaptativa,True,13.0,0.9668956549775994,0.985
j6032_1.sm,1,centralizada,False,,0.25,0.25
j6032_1.sm,2,adaptativa,False,,0.8506561164063524,0.8249999999999998
j6032_1.sm,2,centralizada,False,,0.25,0.25
j6032_1.sm,3,adaptativa,False,,0.8644739024667052,0.83
j6032_1.sm,3,centralizada,False,,0.25,0.25
j6032_1.sm,4,adaptativa,False,,0.8813937685872726,0.8666666666666666
j6032_1.sm,4,centralizada,False,,0.25,0.25
j6032_1.sm,5,adaptativa,True,31.0,0.9360943304721314,0.9400659437433512
j6032_1.sm,5,centralizada,False,,0.25,0.25
j6032_1.sm,6,adaptativa,False,,0.8259667946079154,0.8133333333333334
j6032_1.sm,6,centralizada,False,,0.25,0.25
j6032_1.sm,7,adaptativa,True,13.0,0.972705921493628,0.9666666666666668
j6032_1.sm,7,centralizada,False,,0.25,0.25
j6032_1.sm,8,adaptativa,True,1.0,0.951588289580991,0.9376173746241666
j6032_1.sm,8,centralizada,False,,0.25,0.25
j6032_1.sm,9,adaptativa,True,38.0,0.9428102225996388,0.9633333333333332
j6032_1.sm,9,centralizada,False,,0.25,0.25
j6032_1.sm,10,adaptativa,True,11.0,0.9613710388534241,0.9483333333333333
j6032_1.sm,10,centralizada,False,,0.25,0.25
j6032_1.sm,11,adaptativa,False,,0.8887698889195966,0.8835885347947876
j6032_1.sm,11,centralizada,False,,0.25,0.25
j6035_1.sm,0,adaptativa,True,15.0,0.9765166863416654,0.9816666666666666
j6035_1.sm,0,centralizada,False,,0.25,0.25
j6035_1.sm,1,adaptativa,True,10.0,0.9578834660004152,0.9616666666666666
j6035_1.sm,1,centralizada,False,,0.25,0.25
j6035_1.sm,2,adaptativa,True,1.0,0.9148921714191167,0.8799999999999999
j6035_1.sm,2,centralizada,False,,0.25,0.25
j6035_1.sm,3,adaptativa,True,16.0,0.9335059275600549,0.9216666666666664
j6035_1.sm,3,centralizada,False,,0.25,0.25
j6035_1.sm,4,adaptativa,True,1.0,0.9554368309326408,0.9466666666666668
j6035_1.sm,4,centralizada,False,,0.25,0.25
j6035_1.sm,5,adaptativa,True,1.0,0.9434349795691941,0.9284096711430908
j6035_1.sm,5,centralizada,False,,0.25,0.25
j6035_1.sm,6,adaptativa,True,10.0,0.9163260003269166,0.89
j6035_1.sm,6,centralizada,False,,0.25,0.25
j6035_1.sm,7,adaptativa,True,21.0,0.9798529810371115,0.9916666666666668
j6035_1.sm,7,centralizada,False,,0.25,0.25
j6035_1.sm,8,adaptativa,True,1.0,0.9791506876231725,0.9666666666666668
j6035_1.sm,8,centralizada,False,,0.25,0.25
j6035_1.sm,9,adaptativa,True,9.0,0.9705662960251383,0.965355294403012
j6035_1.sm,9,centralizada,False,,0.25,0.25
j6035_1.sm,10,adaptativa,True,1.0,0.9744590936474918,0.9741528915902936
j6035_1.sm,10,centralizada,False,,0.25,0.25
j6035_1.sm,11,adaptativa,True,1.0,0.970853501609998,0.9616666666666666
j6035_1.sm,11,centralizada,False,,0.25,0.25
j6038_1.sm,0,adaptativa,True,8.0,0.9687225501840757,0.9712223765957692
j6038_1.sm,0,centralizada,False,,0.25,0.25
j6038_1.sm,1,adaptativa,True,7.0,0.9494976118480081,0.9466666666666668
j6038_1.sm,1,centralizada,False,,0.25,0.25
j6038_1.sm,2,adaptativa,True,28.0,0.9345401026895047,0.9343004508451616
j6038_1.sm,2,centralizada,False,,0.25,0.25
j6038_1.sm,3,adaptativa,True,12.0,0.932252253554616,0.9166666666666666
j6038_1.sm,3,centralizada,False,,0.25,0.25
j6038_1.sm,4,adaptativa,True,7.0,0.9492215561141505,0.9453638396928168
j6038_1.sm,4,centralizada,False,,0.25,0.25
j6038_1.sm,5,adaptativa,True,12.0,0.9686029777025643,0.975
j6038_1.sm,5,centralizada,False,,0.25,0.25
j6038_1.sm,6,adaptativa,True,12.0,0.9508327136381612,0.955
j6038_1.sm,6,centralizada,False,,0.25,0.25
j6038_1.sm,7,adaptativa,True,9.0,0.989432895315713,0.995
j6038_1.sm,7,centralizada,False,,0.25,0.25
j6038_1.sm,8,adaptativa,True,1.0,0.9309084529084386,0.8875537292158543
j6038_1.sm,8,centralizada,False,,0.25,0.25
j6038_1.sm,9,adaptativa,True,8.0,0.9397307103103048,0.9306497228830604
j6038_1.sm,9,centralizada,False,,0.25,0.25
j6038_1.sm,10,adaptativa,True,1.0,0.9570148971677485,0.9316666666666666
j6038_1.sm,10,centralizada,False,,0.25,0.25
j6038_1.sm,11,adaptativa,True,7.0,0.9782894226254853,0.98
j6038_1.sm,11,centralizada,False,,0.25,0.25
j6040_1.sm,0,adaptativa,True,10.0,0.9542697231691505,0.9266666666666666
j6040_1.sm,0,centralizada,False,,0.25,0.25
j6040_1.sm,1,adaptativa,True,10.0,0.956263317929268,0.9566666666666668
j6040_1.sm,1,centralizada,False,,0.25,0.25
j6040_1.sm,2,adaptativa,False,,0.8580660654490816,0.8284212837870517
j6040_1.sm,2,centralizada,False,,0.25,0.25
j6040_1.sm,3,adaptativa,True,16.0,0.9038008624749592,0.87
j6040_1.sm,3,centralizada,False,,0.25,0.25
j6040_1.sm,4,adaptativa,True,10.0,0.9153715971982666,0.8849999999999999
j6040_1.sm,4,centralizada,False,,0.25,0.25
j6040_1.sm,5,adaptativa,True,1.0,0.9600776106307614,0.9399999999999998
j6040_1.sm,5,centralizada,False,,0.25,0.25
j6040_1.sm,6,adaptativa,False,,0.8686193133533585,0.8633333333333333
j6040_1.sm,6,centralizada,False,,0.25,0.25
j6040_1.sm,7,adaptativa,True,11.0,0.9775246508092946,0.965
j6040_1.sm,7,centralizada,False,,0.25,0.25
j6040_1.sm,8,adaptativa,True,1.0,0.9808904826238485,0.9716666666666668
j6040_1.sm,8,centralizada,False,,0.25,0.25
j6040_1.sm,9,adaptativa,True,13.0,0.952302733915513,0.945
j6040_1.sm,9,centralizada,False,,0.25,0.25
j6040_1.sm,10,adaptativa,True,1.0,0.968919855889577,0.9566666666666668
j6040_1.sm,10,centralizada,False,,0.25,0.25
j6040_1.sm,11,adaptativa,True,1.0,0.9516804532726002,0.9283333333333332
j6040_1.sm,11,centralizada,False,,0.25,0.25
j6043_1.sm,0,adaptativa,True,11.0,0.9823880317708664,1.0
j6043_1.sm,0,centralizada,False,,0.25,0.25
j6043_1.sm,1,adaptativa,True,12.0,0.9611084546055445,0.9666666666666668
j6043_1.sm,1,centralizada,False,,0.25,0.25
j6043_1.sm,2,adaptativa,False,,0.8742407095282015,0.8542173215356409
j6043_1.sm,2,centralizada,False,,0.25,0.25
j6043_1.sm,3,adaptativa,False,,0.8881315620332494,0.8576944278979207
j6043_1.sm,3,centralizada,False,,0.25,0.25
j6043_1.sm,4,adaptativa,True,62.0,0.9348249586376419,0.935
j6043_1.sm,4,centralizada,False,,0.25,0.25
j6043_1.sm,5,adaptativa,True,1.0,0.9628892876399545,0.9666666666666668
j6043_1.sm,5,centralizada,False,,0.25,0.25
j6043_1.sm,6,adaptativa,True,31.0,0.9339926514878961,0.9568066302013032
j6043_1.sm,6,centralizada,False,,0.25,0.25
j6043_1.sm,7,adaptativa,True,9.0,0.9823433868275561,0.9716666666666668
j6043_1.sm,7,centralizada,False,,0.25,0.25
j6043_1.sm,8,adaptativa,True,1.0,0.9633102803724617,0.9466666666666668
j6043_1.sm,8,centralizada,False,,0.25,0.25
j6043_1.sm,9,adaptativa,True,11.0,0.9345054608491474,0.925
j6043_1.sm,9,centralizada,False,,0.25,0.25
j6043_1.sm,10,adaptativa,True,1.0,0.9856480755902681,0.9733333333333332
j6043_1.sm,10,centralizada,False,,0.25,0.25
j6043_1.sm,11,adaptativa,True,39.0,0.9737269637266357,0.985
j6043_1.sm,11,centralizada,False,,0.25,0.25
j6046_1.sm,0,adaptativa,True,6.0,0.9719195893818547,0.964558686808033
j6046_1.sm,0,centralizada,False,,0.25,0.25
j6046_1.sm,1,adaptativa,True,5.0,0.9527381688066727,0.9466666666666668
j6046_1.sm,1,centralizada,False,,0.25,0.25
j6046_1.sm,2,adaptativa,True,9.0,0.9234397891554488,0.9034529756655192
j6046_1.sm,2,centralizada,False,,0.25,0.25
j6046_1.sm,3,adaptativa,False,,0.878672249540804,0.8495877431610536
j6046_1.sm,3,centralizada,False,,0.25,0.25
j6046_1.sm,4,adaptativa,True,11.0,0.9595227445654446,0.96
j6046_1.sm,4,centralizada,False,,0.25,0.25
j6046_1.sm,5,adaptativa,True,1.0,0.9753480135826771,0.9683333333333332
j6046_1.sm,5,centralizada,False,,0.25,0.25
j6046_1.sm,6,adaptativa,True,9.0,0.9537731481757415,0.9533333333333333
j6046_1.sm,6,centralizada,False,,0.25,0.25
j6046_1.sm,7,adaptativa,True,14.0,0.9774943248175468,0.9733333333333332
j6046_1.sm,7,centralizada,False,,0.25,0.25
j6046_1.sm,8,adaptativa,True,1.0,0.9610315968229423,0.9366666666666664
j6046_1.sm,8,centralizada,False,,0.25,0.25
j6046_1.sm,9,adaptativa,True,5.0,0.9383789747424771,0.9233333333333332
j6046_1.sm,9,centralizada,False,,0.25,0.25
j6046_1.sm,10,adaptativa,True,1.0,0.9945991953048373,0.9933333333333332
j6046_1.sm,10,centralizada,False,,0.25,0.25
j6046_1.sm,11,adaptativa,True,6.0,0.971275418238394,0.9683333333333332
j6046_1.sm,11,centralizada,False,,0.25,0.25
j604_1.sm,0,adaptativa,True,12.0,0.967284774584329,0.96
j604_1.sm,0,centralizada,False,,0.25,0.25
j604_1.sm,1,adaptativa,True,9.0,0.9555778091729004,0.9566666666666668
j604_1.sm,1,centralizada,False,,0.25,0.25
j604_1.sm,2,adaptativa,True,1.0,0.8998623795880354,0.8541634662296759
j604_1.sm,2,centralizada,False,,0.25,0.25
j604_1.sm,3,adaptativa,True,1.0,0.9086715606180309,0.8799999999999999
j604_1.sm,3,centralizada,False,,0.25,0.25
j604_1.sm,4,adaptativa,True,1.0,0.9181959923417597,0.8800431535478057
j604_1.sm,4,centralizada,False,,0.25,0.25
j604_1.sm,5,adaptativa,True,12.0,0.9372143559777473,0.9183333333333332
j604_1.sm,5,centralizada,False,,0.25,0.25
j604_1.sm,6,adaptativa,False,,0.8833230436340391,0.841018438748244
j604_1.sm,6,centralizada,False,,0.25,0.25
j604_1.sm,7,adaptativa,True,16.0,0.9667786172019804,0.945
j604_1.sm,7,centralizada,False,,0.25,0.25
j604_1.sm,8,adaptativa,True,1.0,0.9556750903047608,0.9315747344094966
j604_1.sm,8,centralizada,False,,0.25,0.25
j604_1.sm,9,adaptativa,True,9.0,0.9584617951108056,0.957736334745524
j604_1.sm,9,centralizada,False,,0.25,0.25
j604_1.sm,10,adaptativa,True,1.0,0.9599437032391592,0.9499999999999998
j604_1.sm,10,centralizada,False,,0.25,0.25
j604_1.sm,11,adaptativa,True,1.0,0.9823995379271026,0.9783333333333334
j604_1.sm,11,centralizada,False,,0.25,0.25
j607_1.sm,0,adaptativa,True,20.0,0.9357630132932645,0.9216666666666664
j607_1.sm,0,centralizada,False,,0.25,0.25
j607_1.sm,1,adaptativa,True,9.0,0.9533903035586256,0.9583333333333334
j607_1.sm,1,centralizada,False,,0.25,0.25
j607_1.sm,2,adaptativa,False,,0.8845549422751351,0.8580224282551695
j607_1.sm,2,centralizada,False,,0.25,0.25
j607_1.sm,3,adaptativa,True,16.0,0.9438404030834618,0.9433333333333334
j607_1.sm,3,centralizada,False,,0.25,0.25
j607_1.sm,4,adaptativa,False,,0.8857306352444474,0.8599999999999999
j607_1.sm,4,centralizada,False,,0.25,0.25
j607_1.sm,5,adaptativa,False,,0.864398857308751,0.8449999999999999
j607_1.sm,5,centralizada,False,,0.25,0.25
j607_1.sm,6,adaptativa,False,,0.8644662290297829,0.8315221161999959
j607_1.sm,6,centralizada,False,,0.25,0.25
j607_1.sm,7,adaptativa,False,,0.9072363804111552,0.8866666666666666
j607_1.sm,7,centralizada,False,,0.25,0.25
j607_1.sm,8,adaptativa,True,1.0,0.9801787953377706,0.9733333333333332
j607_1.sm,8,centralizada,False,,0.25,0.25
j607_1.sm,9,adaptativa,True,11.0,0.9154277444088985,0.905
j607_1.sm,9,centralizada,False,,0.25,0.25
j607_1.sm,10,adaptativa,True,1.0,0.9756554493680846,0.9716666666666668
j607_1.sm,10,centralizada,False,,0.25,0.25
j607_1.sm,11,adaptativa,True,10.0,0.9364754068261655,0.9366666666666666
j607_1.sm,11,centralizada,False,,0.25,0.25
