metrica,fator,nivel,n_inst,media,ic95_inf,ic95_sup,N_inst,exclui_zero
atraso_relativo,NC,1.5,16,-1.2814875424991152,-1.4271713047709689,-1.1358037802272616,16,True
taxa_omissao,NC,1.5,16,-0.23975694444444445,-0.25216710375151163,-0.22734678513737727,16,True
divida_latente_sobre_plano,NC,1.5,16,-0.09128163709251455,-0.0999888309470252,-0.0825744432380039,16,True
taxa_falha_efetiva,NC,1.5,16,-0.04045138888888889,-0.05575019303838132,-0.02515258473939646,16,True
fracao_porta1,NC,1.5,16,-0.10182291666666668,-0.13102489989220645,-0.0726209334411269,16,True
atraso_relativo,NC,1.8065,16,-1.0496554143455121,-1.1393046217481178,-0.9600062069429065,16,True
taxa_omissao,NC,1.8065,16,-0.21814236111111113,-0.23249436632243445,-0.2037903558997878,16,True
divida_latente_sobre_plano,NC,1.8065,16,-0.0764420688519028,-0.0851574225453539,-0.0677267151584517,16,True
taxa_falha_efetiva,NC,1.8065,16,-0.0388888888888889,-0.053158046072129234,-0.024619731705648573,16,True
fracao_porta1,NC,1.8065,16,-0.10017361111111112,-0.11898962582035047,-0.08135759640187176,16,True
atraso_relativo,NC,2.1129,16,-1.084876290455092,-1.1986527259462167,-0.9710998549639672,16,True
taxa_omissao,NC,2.1129,16,-0.21796875,-0.2323512539120373,-0.2035862460879627,16,True
divida_latente_sobre_plano,NC,2.1129,16,-0.07693970469524516,-0.08496263849033786,-0.06891677090015247,16,True
taxa_falha_efetiva,NC,2.1129,16,-0.03177083333333333,-0.044359197422014475,-0.019182469244652188,16,True
fracao_porta1,NC,2.1129,16,-0.08802083333333334,-0.10849485481470006,-0.06754681185196662,16,True
atraso_relativo,RF,0.25,12,-1.0470156929223395,-1.17364139184698,-0.9203899939976992,12,True
taxa_omissao,RF,0.25,12,-0.22060185185185185,-0.2376753788521664,-0.2035283248515373,12,True
divida_latente_sobre_plano,RF,0.25,12,-0.07805863503485001,-0.08790999652506286,-0.06820727354463717,12,True
taxa_falha_efetiva,RF,0.25,12,-0.0394675925925926,-0.05995146504151194,-0.01898372014367326,12,True
fracao_porta1,RF,0.25,12,-0.11377314814814815,-0.15183611551439863,-0.07571018078189767,12,True
atraso_relativo,RF,0.5042,12,-1.145989593684652,-1.3414798517834716,-0.9504993355858325,12,True
taxa_omissao,RF,0.5042,12,-0.21631944444444443,-0.22799099081905416,-0.2046478980698347,12,True
divida_latente_sobre_plano,RF,0.5042,12,-0.07677583033958287,-0.08687481077934697,-0.06667684989981876,12,True
taxa_falha_efetiva,RF,0.5042,12,-0.04571759259259261,-0.061767913032680324,-0.029667272152504892,12,True
fracao_porta1,RF,0.5042,12,-0.09733796296296297,-0.11924147344877162,-0.07543445247715433,12,True
atraso_relativo,RF,0.7542,12,-1.108792780935587,-1.2119024926566557,-1.0056830692145184,12,True
taxa_omissao,RF,0.7542,12,-0.22974537037037035,-0.2518867627370293,-0.20760397800371136,12,True
divida_latente_sobre_plano,RF,0.7542,12,-0.08369830438776786,-0.09568047265324724,-0.07171613612228848,12,True
taxa_falha_efetiva,RF,0.7542,12,-0.03495370370370371,-0.046064095777500244,-0.023843311629907174,12,True
fracao_porta1,RF,0.7542,12,-0.08356481481481481,-0.10155890559441241,-0.06557072403521721,12,True
atraso_relativo,RF,1.0,12,-1.252894262190381,-1.4123022994563283,-1.0934862249244335,12,True
taxa_omissao,RF,1.0,12,-0.23449074074074075,-0.2510506813760388,-0.2179308001054427,12,True
divida_latente_sobre_plano,RF,1.0,12,-0.08768511109068262,-0.09890234424373986,-0.07646787793762538,12,True
taxa_falha_efetiva,RF,1.0,12,-0.028009259259259265,-0.04552083258162634,-0.010497685936892185,12,True
fracao_porta1,RF,1.0,12,-0.0920138888888889,-0.11944664178114713,-0.06458113599663066,12,True
atraso_relativo,RS,0.19,1,-1.2245934959349591,,,1,False
taxa_omissao,RS,0.19,1,-0.23750000000000002,,,1,False
divida_latente_sobre_plano,RS,0.19,1,-0.05127424818698953,,,1,False
taxa_falha_efetiva,RS,0.19,1,-0.026388888888888875,,,1,False
fracao_porta1,RS,0.19,1,-0.04583333333333334,,,1,False
atraso_relativo,RS,0.1926,1,-1.5483870967741937,,,1,False
taxa_omissao,RS,0.1926,1,-0.21944444444444444,,,1,False
divida_latente_sobre_plano,RS,0.1926,1,-0.05470828834579342,,,1,False
taxa_falha_efetiva,RS,0.1926,1,-0.036111111111111115,,,1,False
fracao_porta1,RS,0.1926,1,-0.0375,,,1,False
atraso_relativo,RS,0.1979,1,-1.2666666666666668,,,1,False
taxa_omissao,RS,0.1979,1,-0.2041666666666667,,,1,False
divida_latente_sobre_plano,RS,0.1979,1,-0.07347241452131113,,,1,False
taxa_falha_efetiva,RS,0.1979,1,-0.015277777777777763,,,1,False
fracao_porta1,RS,0.1979,1,-0.08055555555555553,,,1,False
atraso_relativo,RS,0.1991,1,-1.6140350877192982,,,1,False
taxa_omissao,RS,0.1991,1,-0.23611111111111113,,,1,False
divida_latente_sobre_plano,RS,0.1991,1,-0.07678149770495399,,,1,False
taxa_falha_efetiva,RS,0.1991,1,-0.023611111111111107,,,1,False
fracao_porta1,RS,0.1991,1,-0.08055555555555556,,,1,False
atraso_relativo,RS,0.1992,1,-1.0400843881856539,,,1,False
taxa_omissao,RS,0.1992,1,-0.23750000000000002,,,1,False
divida_latente_sobre_plano,RS,0.1992,1,-0.06605306046615199,,,1,False
taxa_falha_efetiva,RS,0.1992,1,0.01666666666666666,,,1,False
fracao_porta1,RS,0.1992,1,-0.029166666666666674,,,1,False
atraso_relativo,RS,0.2003,1,-1.0547945205479452,,,1,False
taxa_omissao,RS,0.2003,1,-0.22777777777777777,,,1,False
divida_latente_sobre_plano,RS,0.2003,1,-0.060026152677640804,,,1,False
taxa_falha_efetiva,RS,0.2003,1,-0.01805555555555557,,,1,False
fracao_porta1,RS,0.2003,1,-0.04722222222222222,,,1,False
atraso_relativo,RS,0.2006,1,-0.9806763285024155,,,1,False
taxa_omissao,RS,0.2006,1,-0.19166666666666665,,,1,False
divida_latente_sobre_plano,RS,0.2006,1,-0.058927720280332274,,,1,False
taxa_falha_efetiva,RS,0.2006,1,-0.04166666666666668,,,1,False
fracao_porta1,RS,0.2006,1,-0.11944444444444445,,,1,False
atraso_relativo,RS,0.2008,1,-0.9656250000000001,,,1,False
taxa_omissao,RS,0.2008,1,-0.2083333333333333,,,1,False
divida_latente_sobre_plano,RS,0.2008,1,-0.05316457469074911,,,1,False
taxa_falha_efetiva,RS,0.2008,1,-0.03750000000000001,,,1,False
fracao_porta1,RS,0.2008,1,-0.07222222222222223,,,1,False
atraso_relativo,RS,0.2023,1,-0.9558823529411765,,,1,False
taxa_omissao,RS,0.2023,1,-0.20833333333333334,,,1,False
divida_latente_sobre_plano,RS,0.2023,1,-0.06791232691549691,,,1,False
taxa_falha_efetiva,RS,0.2023,1,-0.011111111111111134,,,1,False
fracao_porta1,RS,0.2023,1,-0.06111111111111112,,,1,False
atraso_relativo,RS,0.2061,1,-1.3333333333333333,,,1,False
taxa_omissao,RS,0.2061,1,-0.2263888888888889,,,1,False
divida_latente_sobre_plano,RS,0.2061,1,-0.061783445670545646,,,1,False
taxa_falha_efetiva,RS,0.2061,1,0.002777777777777752,,,1,False
fracao_porta1,RS,0.2061,1,-0.0513888888888889,,,1,False
atraso_relativo,RS,0.2091,1,-1.3544600938967137,,,1,False
taxa_omissao,RS,0.2091,1,-0.22222222222222224,,,1,False
divida_latente_sobre_plano,RS,0.2091,1,-0.07377170390526719,,,1,False
taxa_falha_efetiva,RS,0.2091,1,-0.015277777777777758,,,1,False
fracao_porta1,RS,0.2091,1,-0.05416666666666666,,,1,False
atraso_relativo,RS,0.2125,1,-0.8194444444444443,,,1,False
taxa_omissao,RS,0.2125,1,-0.22916666666666666,,,1,False
divida_latente_sobre_plano,RS,0.2125,1,-0.08123153643627878,,,1,False
taxa_falha_efetiva,RS,0.2125,1,-0.04722222222222224,,,1,False
fracao_porta1,RS,0.2125,1,-0.056944444444444464,,,1,False
atraso_relativo,RS,0.5023,1,-1.0022831050228311,,,1,False
taxa_omissao,RS,0.5023,1,-0.26944444444444443,,,1,False
divida_latente_sobre_plano,RS,0.5023,1,-0.1013245272050136,,,1,False
taxa_falha_efetiva,RS,0.5023,1,-0.044444444444444474,,,1,False
fracao_porta1,RS,0.5023,1,-0.05555555555555555,,,1,False
atraso_relativo,RS,0.5027,1,-1.3495370370370372,,,1,False
taxa_omissao,RS,0.5027,1,-0.2763888888888889,,,1,False
divida_latente_sobre_plano,RS,0.5027,1,-0.10623320899032357,,,1,False
taxa_falha_efetiva,RS,0.5027,1,-0.06805555555555556,,,1,False
fracao_porta1,RS,0.5027,1,-0.08333333333333333,,,1,False
atraso_relativo,RS,0.5038,1,-1.1033755274261605,,,1,False
taxa_omissao,RS,0.5038,1,-0.23055555555555554,,,1,False
divida_latente_sobre_plano,RS,0.5038,1,-0.07680416830271704,,,1,False
taxa_falha_efetiva,RS,0.5038,1,-0.05000000000000002,,,1,False
fracao_porta1,RS,0.5038,1,-0.09027777777777779,,,1,False
atraso_relativo,RS,0.5057,1,-0.9066265060240966,,,1,False
taxa_omissao,RS,0.5057,1,-0.21111111111111114,,,1,False
divida_latente_sobre_plano,RS,0.5057,1,-0.059513501947276747,,,1,False
taxa_falha_efetiva,RS,0.5057,1,-0.020833333333333332,,,1,False
fracao_porta1,RS,0.5057,1,-0.14305555555555557,,,1,False
atraso_relativo,RS,0.5061,1,-1.596045197740113,,,1,False
taxa_omissao,RS,0.5061,1,-0.2291666666666667,,,1,False
divida_latente_sobre_plano,RS,0.5061,1,-0.11648851978708506,,,1,False
taxa_falha_efetiva,RS,0.5061,1,-0.0472222222222222,,,1,False
fracao_porta1,RS,0.5061,1,-0.12361111111111112,,,1,False
atraso_relativo,RS,0.5074,2,-0.9619810027418723,-3.448288642242012,1.5243266367582673,2,False
taxa_omissao,RS,0.5074,2,-0.22291666666666665,-0.319977952847745,-0.1258553804855883,2,True
divida_latente_sobre_plano,RS,0.5074,2,-0.06773797579494945,-0.16326558605432362,0.02778963446442473,2,False
taxa_falha_efetiva,RS,0.5074,2,-0.04444444444444444,-0.09738696417957807,0.008498075290689189,2,False
fracao_porta1,RS,0.5074,2,-0.12847222222222224,-0.3137710412951904,0.056826596850745925,2,False
atraso_relativo,RS,0.509,1,-1.1156716417910448,,,1,False
taxa_omissao,RS,0.509,1,-0.24583333333333335,,,1,False
divida_latente_sobre_plano,RS,0.509,1,-0.09205694026052387,,,1,False
taxa_falha_efetiva,RS,0.509,1,-0.06527777777777781,,,1,False
fracao_porta1,RS,0.509,1,-0.09722222222222225,,,1,False
atraso_relativo,RS,0.5096,1,-1.2096354166666667,,,1,False
taxa_omissao,RS,0.5096,1,-0.275,,,1,False
divida_latente_sobre_plano,RS,0.5096,1,-0.11711163232439337,,,1,False
taxa_falha_efetiva,RS,0.5096,1,0.02361111111111111,,,1,False
fracao_porta1,RS,0.5096,1,-0.03749999999999998,,,1,False
atraso_relativo,RS,0.5099,1,-0.9377510040160643,,,1,False
taxa_omissao,RS,0.5099,1,-0.23750000000000002,,,1,False
divida_latente_sobre_plano,RS,0.5099,1,-0.08502117631301122,,,1,False
taxa_falha_efetiva,RS,0.5099,1,-0.05833333333333334,,,1,False
fracao_porta1,RS,0.5099,1,-0.10694444444444445,,,1,False
atraso_relativo,RS,0.5109,1,-1.0551643192488263,,,1,False
taxa_omissao,RS,0.5109,1,-0.23055555555555554,,,1,False
divida_latente_sobre_plano,RS,0.5109,1,-0.09513392984329949,,,1,False
taxa_falha_efetiva,RS,0.5109,1,-0.038888888888888876,,,1,False
fracao_porta1,RS,0.5109,1,-0.059722222222222204,,,1,False
atraso_relativo,RS,0.5525,1,-1.1549145299145298,,,1,False
taxa_omissao,RS,0.5525,1,-0.1958333333333334,,,1,False
divida_latente_sobre_plano,RS,0.5525,1,-0.0762428816631235,,,1,False
taxa_falha_efetiva,RS,0.5525,1,-0.06388888888888888,,,1,False
fracao_porta1,RS,0.5525,1,-0.13333333333333333,,,1,False
atraso_relativo,RS,0.6967,1,-1.304232804232804,,,1,False
taxa_omissao,RS,0.6967,1,-0.24027777777777778,,,1,False
divida_latente_sobre_plano,RS,0.6967,1,-0.09024573366433453,,,1,False
taxa_falha_efetiva,RS,0.6967,1,-0.0763888888888889,,,1,False
fracao_porta1,RS,0.6967,1,-0.20555555555555557,,,1,False
atraso_relativo,RS,0.6992,1,-1.0532128514056225,,,1,False
taxa_omissao,RS,0.6992,1,-0.22777777777777777,,,1,False
divida_latente_sobre_plano,RS,0.6992,1,-0.07245265001147368,,,1,False
taxa_falha_efetiva,RS,0.6992,1,-0.08750000000000001,,,1,False
fracao_porta1,RS,0.6992,1,-0.13611111111111115,,,1,False
atraso_relativo,RS,0.6997,1,-1.2554824561403508,,,1,False
taxa_omissao,RS,0.6997,1,-0.1722222222222222,,,1,False
divida_latente_sobre_plano,RS,0.6997,1,-0.08364162854837881,,,1,False
taxa_falha_efetiva,RS,0.6997,1,0.005555555555555552,,,1,False
fracao_porta1,RS,0.6997,1,-0.11666666666666668,,,1,False
atraso_relativo,RS,0.7001,1,-1.1073232323232325,,,1,False
taxa_omissao,RS,0.7001,1,-0.24861111111111112,,,1,False
divida_latente_sobre_plano,RS,0.7001,1,-0.089481212737819,,,1,False
taxa_falha_efetiva,RS,0.7001,1,-0.020833333333333343,,,1,False
fracao_porta1,RS,0.7001,1,-0.10277777777777776,,,1,False
atraso_relativo,RS,0.7002,1,-0.9414414414414415,,,1,False
taxa_omissao,RS,0.7002,1,-0.17222222222222225,,,1,False
divida_latente_sobre_plano,RS,0.7002,1,-0.07280834803155069,,,1,False
taxa_falha_efetiva,RS,0.7002,1,-0.04861111111111114,,,1,False
fracao_porta1,RS,0.7002,1,-0.09166666666666667,,,1,False
atraso_relativo,RS,0.7021,1,-1.0810185185185184,,,1,False
taxa_omissao,RS,0.7021,1,-0.24305555555555558,,,1,False
divida_latente_sobre_plano,RS,0.7021,1,-0.07783792535047945,,,1,False
taxa_falha_efetiva,RS,0.7021,1,-0.0638888888888889,,,1,False
fracao_porta1,RS,0.7021,1,-0.19722222222222222,,,1,False
atraso_relativo,RS,0.7042,1,-1.1992753623188406,,,1,False
taxa_omissao,RS,0.7042,1,-0.26666666666666666,,,1,False
divida_latente_sobre_plano,RS,0.7042,1,-0.09787468306414611,,,1,False
taxa_falha_efetiva,RS,0.7042,1,-0.05277777777777779,,,1,False
fracao_porta1,RS,0.7042,1,-0.11944444444444446,,,1,False
atraso_relativo,RS,0.7052,1,-1.0341880341880343,,,1,False
taxa_omissao,RS,0.7052,1,-0.1722222222222222,,,1,False
divida_latente_sobre_plano,RS,0.7052,1,-0.06765111055311539,,,1,False
taxa_falha_efetiva,RS,0.7052,1,-0.03888888888888888,,,1,False
fracao_porta1,RS,0.7052,1,-0.1013888888888889,,,1,False
atraso_relativo,RS,0.7081,1,-0.8115079365079366,,,1,False
taxa_omissao,RS,0.7081,1,-0.23611111111111108,,,1,False
divida_latente_sobre_plano,RS,0.7081,1,-0.09030198966462828,,,1,False
taxa_falha_efetiva,RS,0.7081,1,-0.04583333333333336,,,1,False
fracao_porta1,RS,0.7081,1,-0.06666666666666667,,,1,False
atraso_relativo,RS,0.7097,1,-1.9147727272727275,,,1,False
taxa_omissao,RS,0.7097,1,-0.2388888888888889,,,1,False
divida_latente_sobre_plano,RS,0.7097,1,-0.10503435776145105,,,1,False
taxa_falha_efetiva,RS,0.7097,1,-0.02361111111111112,,,1,False
fracao_porta1,RS,0.7097,1,-0.06944444444444446,,,1,False
atraso_relativo,RS,0.7121,1,-1.3138888888888889,,,1,False
taxa_omissao,RS,0.7121,1,-0.2222222222222222,,,1,False
divida_latente_sobre_plano,RS,0.7121,1,-0.07682438077293764,,,1,False
taxa_falha_efetiva,RS,0.7121,1,-0.027777777777777752,,,1,False
fracao_porta1,RS,0.7121,1,-0.11944444444444442,,,1,False
atraso_relativo,RS,0.7177,1,-1.1666666666666667,,,1,False
taxa_omissao,RS,0.7177,1,-0.17222222222222225,,,1,False
divida_latente_sobre_plano,RS,0.7177,1,-0.07490277340057543,,,1,False
taxa_falha_efetiva,RS,0.7177,1,0.002777777777777784,,,1,False
fracao_porta1,RS,0.7177,1,-0.026388888888888868,,,1,False
atraso_relativo,RS,1.0,12,-1.0800289947977109,-1.2299213627546575,-0.9301366268407643,12,True
taxa_omissao,RS,1.0,12,-0.22546296296296298,-0.24372456353282512,-0.20720136239310083,12,True
divida_latente_sobre_plano,RS,1.0,12,-0.08958703072046109,-0.09865159833048497,-0.08052246311043722,12,True
taxa_falha_efetiva,RS,1.0,12,-0.043750000000000004,-0.06110999027024669,-0.026390009729753323,12,True
fracao_porta1,RS,1.0,12,-0.11365740740740742,-0.1391109214901173,-0.08820389332469752,12,True
