configuracao,metrica,n_instancias_DEPOIS,media_centralizada_DEPOIS,media_adaptativa_DEPOIS,media_diferenca_DEPOIS,ic95_inferior_DEPOIS,ic95_superior_DEPOIS,n_positivo_DEPOIS,n_negativo_DEPOIS,n_zero_DEPOIS,n_pares_censurados_DEPOIS,n_instancias_ANTES,media_centralizada_ANTES,media_adaptativa_ANTES,media_diferenca_ANTES,ic95_inferior_ANTES,ic95_superior_ANTES,n_positivo_ANTES,n_negativo_ANTES,n_zero_ANTES,n_pares_censurados_ANTES
C4,E_plano,16,339.25,339.25,0.0,0.0,0.0,0,0,16,0,16,339.25,339.25,0.0,0.0,0.0,0,0,16,0
C4,E_total,16,0.7318196434857358,0.8646187306955574,0.13279908720982153,0.11593174220252346,0.14966643221711962,16,0,0,0,16,0.7839008771073721,0.8885319344131772,0.10463105730580516,0.08977301966093512,0.1194890949506752,16,0,0,0
C4,S_PV_final,16,256.6875,316.0989583333333,59.41145833333333,53.921412722670276,64.90150394399639,16,0,0,0,16,257.1979166666667,315.421875,58.22395833333333,54.12067707661014,62.327239590056514,16,0,0,0
C4,S_UR_final,16,9.870576578308032e-16,5.319818659662208e-17,-9.33859471234181e-16,-1.448189904739308e-15,-4.1952903772905396e-16,1,15,0,0,16,1.0125002688117965e-15,1.7925475918427005e-17,-9.945747928933693e-16,-1.392306362671409e-15,-5.968432231153295e-16,0,16,0,0
C4,S_UR_maximo,16,25.416481955759572,6.687743748417331,-18.72873820734224,-20.81255626812902,-16.64492014655546,0,16,0,0,16,25.112262752683552,6.82348248352241,-18.28878026916114,-19.791363766650225,-16.786196771672056,0,16,0,0
C4,TL,16,0.0,8.989583333333334,8.989583333333334,8.21063378646058,9.768532880206088,16,0,0,0,16,0.0,10.489583333333334,10.489583333333334,9.62216515747912,11.357001509187548,16,0,0,0
C4,TR,16,64.02010224312522,52.17645872837919,-11.843643514746045,-15.233166453055226,-8.454120576436864,0,16,0,0,16,68.86531966000788,52.508906312877905,-16.356413347129973,-19.1295017337695,-13.583324960490444,0,16,0,0
C4,TU,16,143.57291666666669,15.869791666666668,-127.70312499999999,-142.0386836990259,-113.36756630097406,0,16,0,0,16,126.265625,5.942708333333333,-120.32291666666667,-134.59218836608736,-106.05364496724599,0,16,0,0
C4,TW,16,554.4739583333333,489.328125,-65.14583333333334,-69.48778993639125,-60.803876730275434,0,16,0,0,16,696.796875,547.1927083333333,-149.60416666666666,-161.87070668292282,-137.3376266504105,0,16,0,0
C4,atraso_relativo,16,2.7847123229381294,1.7288780963607047,-1.0558342265774248,-1.188570828698112,-0.9230976244567375,0,16,0,0,16,3.1345325057997284,1.9991332944309277,-1.1353992113688003,-1.2444795128346746,-1.026318909902926,0,16,0,0
C4,competencia_maxima_final,16,0.6784269160974062,0.8987963052270831,0.22036938912967693,0.19445944947627875,0.24627932878307512,16,0,0,0,16,0.6784269160974062,0.9040176605668715,0.2255907444694652,0.19863896304822404,0.25254252589070636,16,0,0,0
C4,competencia_maxima_inicial,16,0.6784269160974062,0.6784269160974062,0.0,0.0,0.0,0,0,16,0,16,0.6784269160974062,0.6784269160974062,0.0,0.0,0.0,0,0,16,0
C4,competencia_minima_inicial,16,0.36053696648776334,0.36053696648776334,0.0,0.0,0.0,0,0,16,0,16,0.36053696648776334,0.36053696648776334,0.0,0.0,0.0,0,0,16,0
C4,concluiu,16,1.0,1.0,0.0,0.0,0.0,0,0,16,0,16,1.0,1.0,0.0,0.0,0.0,0,0,16,0
C4,divida_latente_sobre_plano,16,0.07464532435294627,0.019724506733065954,-0.054920817619880324,-0.0597780113228691,-0.05006362391689155,0,16,0,0,16,0.07412735814984972,0.020144458403516828,-0.053982899746332885,-0.05825990358566864,-0.04970589590699713,0,16,0,0
C4,dividas_pendentes,16,0.0,0.0,0.0,0.0,0.0,0,0,16,0,16,0.0,0.0,0.0,0.0,0.0,0,0,16,0
C4,hiato_colega_capaz_sem_confianca,16,93.89583333333334,0.0,-93.89583333333334,-104.92279854339169,-82.86886812327499,0,16,0,0,16,81.421875,0.0,-81.421875,-92.06140103478849,-70.78234896521151,0,16,0,0
C4,hiato_encontrado,16,143.57291666666669,24.859375,-118.71354166666666,-132.8701342062721,-104.55694912706122,0,16,0,0,16,126.265625,16.432291666666664,-109.83333333333334,-124.01955388981516,-95.64711277685153,0,16,0,0
C4,hiato_sem_colega_capaz,16,49.67708333333333,15.869791666666668,-33.80729166666667,-38.82987676531278,-28.784706568020557,0,16,0,0,16,44.84375,5.942708333333333,-38.90104166666667,-44.268678694558574,-33.53340463877477,0,16,0,0
C4,hiato_sem_colega_livre,16,11.473958333333332,6.380208333333334,-5.09375,-8.556022150091195,-1.631477849908804,6,10,0,0,16,11.385416666666668,1.9479166666666665,-9.4375,-12.945847948864639,-5.929152051135361,0,15,1,0
C4,makespan,16,210.58854166666666,131.44270833333334,-79.14583333333334,-85.24966672180396,-73.04199994486272,0,16,0,0,16,237.68229166666669,151.90625,-85.77604166666666,-90.54976146784735,-81.00232186548597,0,16,0,0
C4,makespan_cpm,16,77.1875,77.1875,0.0,0.0,0.0,0,0,16,0,16,77.1875,77.1875,0.0,0.0,0.0,0,0,16,0
C4,n_adiamentos,16,0.0,0.0,0.0,0.0,0.0,0,0,16,0,16,0.0,0.0,0.0,0.0,0.0,0,0,16,0
C4,n_com_erro,16,13.135416666666666,3.786458333333333,-9.348958333333332,-9.909758960154686,-8.788157706511978,0,16,0,0,16,13.020833333333332,3.8229166666666665,-9.197916666666668,-9.82503693849267,-8.570796394840666,0,16,0,0
C4,n_limpas,16,46.864583333333336,56.21354166666667,9.348958333333332,8.788157706511978,9.909758960154686,16,0,0,0,16,46.97916666666667,56.177083333333336,9.197916666666668,8.570796394840666,9.82503693849267,16,0,0,0
C4,n_reportadas,16,1.8645833333333335,10.411458333333334,8.546875,8.12406264961824,8.96968735038176,16,0,0,0,16,2.140625,9.989583333333332,7.848958333333333,7.4150219841769225,8.282894682489744,16,0,0,0
C4,n_tarefas,16,60.0,60.0,0.0,0.0,0.0,0,0,16,0,16,60.0,60.0,0.0,0.0,0.0,0,0,16,0
C4,p1_fuga,16,0.0,0.0,0.0,0.0,0.0,0,0,16,0,16,0.0,0.0,0.0,0.0,0.0,0,0,16,0
C4,p1_omissao,16,36.1875,19.229166666666664,-16.958333333333336,-18.90697459039488,-15.00969207627179,0,16,0,0,16,38.640625,19.166666666666664,-19.473958333333332,-21.62613552227828,-17.321781144388385,0,16,0,0
C4,p2_ajuda,16,0.0,8.989583333333334,8.989583333333334,8.21063378646058,9.768532880206088,16,0,0,0,16,0.0,10.489583333333334,10.489583333333334,9.62216515747912,11.357001509187548,16,0,0,0
C4,p2_bloqueio,16,143.57291666666669,15.869791666666668,-127.70312499999999,-142.0386836990259,-113.36756630097406,0,16,0,0,16,126.265625,5.942708333333333,-120.32291666666667,-134.59218836608736,-106.05364496724599,0,16,0,0
C4,p3_analitica,16,23.8125,40.770833333333336,16.958333333333336,15.00969207627179,18.90697459039488,16,0,0,0,16,21.359375,40.83333333333333,19.473958333333332,17.321781144388385,21.62613552227828,16,0,0,0
C4,retrabalho_sobre_esforco_realizado,16,0.08346945884759366,0.0914895877306598,0.008020128883066134,0.0040914072827109,0.011948850483421368,14,2,0,0,16,0.07700442375652736,0.08461401738680613,0.007609593630278785,0.004453241576832188,0.010765945683725383,15,1,0,0
C4,retrabalho_sobre_plano,16,0.18793492770654852,0.1536711558637856,-0.03426377184276293,-0.04329262537119607,-0.025234918314329786,0,16,0,0,16,0.20309877307027008,0.15446817485451853,-0.04863059821575157,-0.057061528121581336,-0.04019966830992181,0,16,0,0
C4,tarefas_acima_da_competencia_maxima_inicial,16,14.541666666666666,14.541666666666666,0.0,0.0,0.0,0,0,16,0,16,14.541666666666666,14.541666666666666,0.0,0.0,0.0,0,0,16,0
C4,tarefas_pendentes,16,0.0,0.0,0.0,0.0,0.0,0,0,16,0,16,0.0,0.0,0.0,0.0,0.0,0,0,16,0
C4,taxa_omissao,16,0.2189236111111111,0.0631076388888889,-0.1558159722222222,-0.16516264933591143,-0.146469295108533,0,16,0,0,16,0.2170138888888889,0.06371527777777779,-0.1532986111111111,-0.16375061564154447,-0.14284660658067772,0,16,0,0
C4_C1,E_plano,16,339.25,339.25,0.0,0.0,0.0,0,0,16,0,16,339.25,339.25,0.0,0.0,0.0,0,0,16,0
C4_C1,E_total,16,0.7344754229093101,0.8655583734230685,0.13108295051375837,0.11653629772300894,0.1456296033045078,16,0,0,0,16,0.7839008771073721,0.8885319344131772,0.10463105730580516,0.08977301966093512,0.1194890949506752,16,0,0,0
C4_C1,S_PV_final,16,254.19270833333331,316.94270833333337,62.75,57.589868777554805,67.9101312224452,16,0,0,0,16,257.1979166666667,315.421875,58.22395833333333,54.12067707661014,62.327239590056514,16,0,0,0
C4_C1,S_UR_final,16,9.830099697201906e-16,5.7824115865893565e-18,-9.772275581336012e-16,-1.2226447166456885e-15,-7.318103996215139e-16,0,16,0,0,16,1.0125002688117965e-15,1.7925475918427005e-17,-9.945747928933693e-16,-1.392306362671409e-15,-5.968432231153295e-16,0,16,0,0
C4_C1,S_UR_maximo,16,25.905232420206403,6.62174295019606,-19.283489470010345,-21.086891473955973,-17.480087466064717,0,16,0,0,16,25.112262752683552,6.82348248352241,-18.28878026916114,-19.791363766650225,-16.786196771672056,0,16,0,0
C4_C1,TL,16,0.0,9.135416666666666,9.135416666666666,8.262559842269587,10.008273491063745,16,0,0,0,16,0.0,10.489583333333334,10.489583333333334,9.62216515747912,11.357001509187548,16,0,0,0
C4_C1,TR,16,67.14200362640875,51.49204745819196,-15.649956168216786,-19.159659084023303,-12.14025325241027,0,16,0,0,16,68.86531966000788,52.508906312877905,-16.356413347129973,-19.1295017337695,-13.583324960490444,0,16,0,0
C4_C1,TU,16,140.74479166666666,17.010416666666664,-123.734375,-136.67046857994168,-110.79828142005833,0,16,0,0,16,126.265625,5.942708333333333,-120.32291666666667,-134.59218836608736,-106.05364496724599,0,16,0,0
C4_C1,TW,16,563.25,497.35937499999994,-65.890625,-70.24655301480705,-61.53469698519295,0,16,0,0,16,696.796875,547.1927083333333,-149.60416666666666,-161.87070668292282,-137.3376266504105,0,16,0,0
C4_C1,atraso_relativo,16,3.0365790103221184,1.882539787581829,-1.1540392227402894,-1.2954862444441766,-1.0125922010364021,0,16,0,0,16,3.1345325057997284,1.9991332944309277,-1.1353992113688003,-1.2444795128346746,-1.026318909902926,0,16,0,0
C4_C1,competencia_maxima_final,16,0.6784269160974062,0.8941015795562725,0.2156746634588662,0.19129383327442723,0.2400554936433052,16,0,0,0,16,0.6784269160974062,0.9040176605668715,0.2255907444694652,0.19863896304822404,0.25254252589070636,16,0,0,0
C4_C1,competencia_maxima_inicial,16,0.6784269160974062,0.6784269160974062,0.0,0.0,0.0,0,0,16,0,16,0.6784269160974062,0.6784269160974062,0.0,0.0,0.0,0,0,16,0
C4_C1,competencia_minima_inicial,16,0.36053696648776334,0.36053696648776334,0.0,0.0,0.0,0,0,16,0,16,0.36053696648776334,0.36053696648776334,0.0,0.0,0.0,0,0,16,0
C4_C1,concluiu,16,1.0,1.0,0.0,0.0,0.0,0,0,16,0,16,1.0,1.0,0.0,0.0,0.0,0,0,16,0
C4_C1,divida_latente_sobre_plano,16,0.07633880805141346,0.01958062478831079,-0.05675818326310267,-0.061316597419461556,-0.05219976910674378,0,16,0,0,16,0.07412735814984972,0.020144458403516828,-0.053982899746332885,-0.05825990358566864,-0.04970589590699713,0,16,0,0
C4_C1,dividas_pendentes,16,0.0,0.0,0.0,0.0,0.0,0,0,16,0,16,0.0,0.0,0.0,0.0,0.0,0,0,16,0
C4_C1,hiato_colega_capaz_sem_confianca,16,91.03645833333333,0.0,-91.03645833333333,-101.37154896432276,-80.7013677023439,0,16,0,0,16,81.421875,0.0,-81.421875,-92.06140103478849,-70.78234896521151,0,16,0,0
C4_C1,hiato_encontrado,16,140.74479166666666,26.145833333333332,-114.59895833333334,-127.15607251873402,-102.04184414793266,0,16,0,0,16,126.265625,16.432291666666664,-109.83333333333334,-124.01955388981516,-95.64711277685153,0,16,0,0
C4_C1,hiato_sem_colega_capaz,16,49.70833333333333,17.010416666666664,-32.69791666666667,-36.74351623426815,-28.652317099065193,0,16,0,0,16,44.84375,5.942708333333333,-38.90104166666667,-44.268678694558574,-33.53340463877477,0,16,0,0
C4_C1,hiato_sem_colega_livre,16,11.942708333333332,7.369791666666666,-4.572916666666667,-7.682163279587613,-1.4636700537457208,5,11,0,0,16,11.385416666666668,1.9479166666666665,-9.4375,-12.945847948864639,-5.929152051135361,0,15,1,0
C4_C1,makespan,16,229.94791666666666,142.88020833333334,-87.06770833333334,-94.97873628722455,-79.15668037944214,0,16,0,0,16,237.68229166666669,151.90625,-85.77604166666666,-90.54976146784735,-81.00232186548597,0,16,0,0
C4_C1,makespan_cpm,16,77.1875,77.1875,0.0,0.0,0.0,0,0,16,0,16,77.1875,77.1875,0.0,0.0,0.0,0,0,16,0
C4_C1,n_adiamentos,16,0.0,0.0,0.0,0.0,0.0,0,0,16,0,16,0.0,0.0,0.0,0.0,0.0,0,0,16,0
C4_C1,n_com_erro,16,13.505208333333334,3.5729166666666665,-9.932291666666666,-10.550405814291693,-9.314177519041639,0,16,0,0,16,13.020833333333332,3.8229166666666665,-9.197916666666668,-9.82503693849267,-8.570796394840666,0,16,0,0
C4_C1,n_limpas,16,46.494791666666664,56.427083333333336,9.932291666666666,9.314177519041639,10.550405814291693,16,0,0,0,16,46.97916666666667,56.177083333333336,9.197916666666668,8.570796394840666,9.82503693849267,16,0,0,0
C4_C1,n_reportadas,16,1.9895833333333335,10.104166666666666,8.114583333333334,7.820088357989105,8.409078308677563,16,0,0,0,16,2.140625,9.989583333333332,7.848958333333333,7.4150219841769225,8.282894682489744,16,0,0,0
C4_C1,n_tarefas,16,60.0,60.0,0.0,0.0,0.0,0,0,16,0,16,60.0,60.0,0.0,0.0,0.0,0,0,16,0
C4_C1,p1_fuga,16,0.0,0.0,0.0,0.0,0.0,0,0,16,0,16,0.0,0.0,0.0,0.0,0.0,0,0,16,0
C4_C1,p1_omissao,16,38.13020833333333,22.432291666666664,-15.697916666666666,-17.48194308114951,-13.913890252183823,0,16,0,0,16,38.640625,19.166666666666664,-19.473958333333332,-21.62613552227828,-17.321781144388385,0,16,0,0
C4_C1,p2_ajuda,16,0.0,9.135416666666666,9.135416666666666,8.262559842269587,10.008273491063745,16,0,0,0,16,0.0,10.489583333333334,10.489583333333334,9.62216515747912,11.357001509187548,16,0,0,0
C4_C1,p2_bloqueio,16,140.74479166666666,17.010416666666664,-123.734375,-136.67046857994168,-110.79828142005833,0,16,0,0,16,126.265625,5.942708333333333,-120.32291666666667,-134.59218836608736,-106.05364496724599,0,16,0,0
C4_C1,p3_analitica,16,21.869791666666664,37.56770833333333,15.697916666666666,13.913890252183823,17.48194308114951,16,0,0,0,16,21.359375,40.83333333333333,19.473958333333332,17.321781144388385,21.62613552227828,16,0,0,0
C4_C1,retrabalho_sobre_esforco_realizado,16,0.08665499833732172,0.08898929386143313,0.002334295524111416,-0.001628403258709256,0.006296994306932088,9,7,0,0,16,0.07700442375652736,0.08461401738680613,0.007609593630278785,0.004453241576832188,0.010765945683725383,15,1,0,0
C4_C1,retrabalho_sobre_plano,16,0.19738445074889135,0.1516410764438192,-0.04574337430507215,-0.0551620710636057,-0.036324677546538606,0,16,0,0,16,0.20309877307027008,0.15446817485451853,-0.04863059821575157,-0.057061528121581336,-0.04019966830992181,0,16,0,0
C4_C1,tarefas_acima_da_competencia_maxima_inicial,16,14.541666666666666,14.541666666666666,0.0,0.0,0.0,0,0,16,0,16,14.541666666666666,14.541666666666666,0.0,0.0,0.0,0,0,16,0
C4_C1,tarefas_pendentes,16,0.0,0.0,0.0,0.0,0.0,0,0,16,0,16,0.0,0.0,0.0,0.0,0.0,0,0,16,0
C4_C1,taxa_omissao,16,0.22508680555555555,0.059548611111111115,-0.16553819444444445,-0.17584009690486158,-0.15523629198402733,0,16,0,0,16,0.2170138888888889,0.06371527777777779,-0.1532986111111111,-0.16375061564154447,-0.14284660658067772,0,16,0,0
C4_C1_C3_media_eventos,E_plano,16,339.25,339.25,0.0,0.0,0.0,0,0,16,0,16,339.25,339.25,0.0,0.0,0.0,0,0,16,0
C4_C1_C3_media_eventos,E_total,16,0.7511583295048847,0.8613775320507565,0.11021920254587177,0.0963627584593012,0.12407564663244233,16,0,0,0,16,0.7839008771073721,0.8885319344131772,0.10463105730580516,0.08977301966093512,0.1194890949506752,16,0,0,0
C4_C1_C3_media_eventos,S_PV_final,16,255.22916666666669,315.84375,60.614583333333336,56.61312296888103,64.61604369778564,16,0,0,0,16,257.1979166666667,315.421875,58.22395833333333,54.12067707661014,62.327239590056514,16,0,0,0
C4_C1_C3_media_eventos,S_UR_final,16,9.379071593447936e-16,3.353798720221827e-17,-9.043691721425753e-16,-1.185429204650803e-15,-6.233091396343475e-16,0,16,0,0,16,1.0125002688117965e-15,1.7925475918427005e-17,-9.945747928933693e-16,-1.392306362671409e-15,-5.968432231153295e-16,0,16,0,0
C4_C1_C3_media_eventos,S_UR_maximo,16,25.991647833780902,6.907107503098395,-19.084540330682508,-20.799054194177987,-17.370026467187028,0,16,0,0,16,25.112262752683552,6.82348248352241,-18.28878026916114,-19.791363766650225,-16.786196771672056,0,16,0,0
C4_C1_C3_media_eventos,TL,16,0.0,9.1875,9.1875,8.287267411679279,10.087732588320721,16,0,0,0,16,0.0,10.489583333333334,10.489583333333334,9.62216515747912,11.357001509187548,16,0,0,0
C4_C1_C3_media_eventos,TR,16,68.8260629282019,52.84087835697879,-15.985184571223114,-19.65590401813951,-12.314465124306718,0,16,0,0,16,68.86531966000788,52.508906312877905,-16.356413347129973,-19.1295017337695,-13.583324960490444,0,16,0,0
C4_C1_C3_media_eventos,TU,16,134.75,17.166666666666664,-117.58333333333333,-131.30483198225545,-103.8618346844112,0,16,0,0,16,126.265625,5.942708333333333,-120.32291666666667,-134.59218836608736,-106.05364496724599,0,16,0,0
C4_C1_C3_media_eventos,TW,16,604.171875,489.07291666666663,-115.09895833333334,-124.13041569724544,-106.06750096942125,0,16,0,0,16,696.796875,547.1927083333333,-149.60416666666666,-161.87070668292282,-137.3376266504105,0,16,0,0
C4_C1_C3_media_eventos,atraso_relativo,16,3.0374569253429904,1.8616462505076052,-1.1758106748353852,-1.3428993281373574,-1.008722021533413,0,16,0,0,16,3.1345325057997284,1.9991332944309277,-1.1353992113688003,-1.2444795128346746,-1.026318909902926,0,16,0,0
C4_C1_C3_media_eventos,competencia_maxima_final,16,0.6784269160974062,0.8945349024464342,0.21610798634902795,0.190803059489215,0.2414129132088409,16,0,0,0,16,0.6784269160974062,0.9040176605668715,0.2255907444694652,0.19863896304822404,0.25254252589070636,16,0,0,0
C4_C1_C3_media_eventos,competencia_maxima_inicial,16,0.6784269160974062,0.6784269160974062,0.0,0.0,0.0,0,0,16,0,16,0.6784269160974062,0.6784269160974062,0.0,0.0,0.0,0,0,16,0
C4_C1_C3_media_eventos,competencia_minima_inicial,16,0.36053696648776334,0.36053696648776334,0.0,0.0,0.0,0,0,16,0,16,0.36053696648776334,0.36053696648776334,0.0,0.0,0.0,0,0,16,0
C4_C1_C3_media_eventos,concluiu,16,1.0,1.0,0.0,0.0,0.0,0,0,16,0,16,1.0,1.0,0.0,0.0,0.0,0,0,16,0
C4_C1_C3_media_eventos,divida_latente_sobre_plano,16,0.07656895347680015,0.02040176226030837,-0.05616719121649179,-0.060297974138045024,-0.05203640829493855,0,16,0,0,16,0.07412735814984972,0.020144458403516828,-0.053982899746332885,-0.05825990358566864,-0.04970589590699713,0,16,0,0
C4_C1_C3_media_eventos,dividas_pendentes,16,0.0,0.0,0.0,0.0,0.0,0,0,16,0,16,0.0,0.0,0.0,0.0,0.0,0,0,16,0
C4_C1_C3_media_eventos,hiato_colega_capaz_sem_confianca,16,86.875,0.0,-86.875,-97.31566860936327,-76.43433139063673,0,16,0,0,16,81.421875,0.0,-81.421875,-92.06140103478849,-70.78234896521151,0,16,0,0
C4_C1_C3_media_eventos,hiato_encontrado,16,134.75,26.354166666666664,-108.39583333333334,-121.8130192780908,-94.97864738857588,0,16,0,0,16,126.265625,16.432291666666664,-109.83333333333334,-124.01955388981516,-95.64711277685153,0,16,0,0
C4_C1_C3_media_eventos,hiato_sem_colega_capaz,16,47.875,17.166666666666664,-30.708333333333336,-34.896444373313926,-26.52022229335274,0,16,0,0,16,44.84375,5.942708333333333,-38.90104166666667,-44.268678694558574,-33.53340463877477,0,16,0,0
C4_C1_C3_media_eventos,hiato_sem_colega_livre,16,12.098958333333332,7.427083333333334,-4.671875,-7.153404953563257,-2.1903450464367427,4,12,0,0,16,11.385416666666668,1.9479166666666665,-9.4375,-12.945847948864639,-5.929152051135361,0,15,1,0
C4_C1_C3_media_eventos,makespan,16,229.36458333333331,141.22395833333331,-88.140625,-95.88873576259861,-80.39251423740139,0,16,0,0,16,237.68229166666669,151.90625,-85.77604166666666,-90.54976146784735,-81.00232186548597,0,16,0,0
C4_C1_C3_media_eventos,makespan_cpm,16,77.1875,77.1875,0.0,0.0,0.0,0,0,16,0,16,77.1875,77.1875,0.0,0.0,0.0,0,0,16,0
C4_C1_C3_media_eventos,n_adiamentos,16,0.0,0.0,0.0,0.0,0.0,0,0,16,0,16,0.0,0.0,0.0,0.0,0.0,0,0,16,0
C4_C1_C3_media_eventos,n_com_erro,16,13.239583333333334,3.786458333333333,-9.453125,-9.953143773548344,-8.953106226451656,0,16,0,0,16,13.020833333333332,3.8229166666666665,-9.197916666666668,-9.82503693849267,-8.570796394840666,0,16,0,0
C4_C1_C3_media_eventos,n_limpas,16,46.760416666666664,56.213541666666664,9.453125,8.953106226451656,9.953143773548344,16,0,0,0,16,46.97916666666667,56.177083333333336,9.197916666666668,8.570796394840666,9.82503693849267,16,0,0,0
C4_C1_C3_media_eventos,n_reportadas,16,2.020833333333333,10.239583333333332,8.21875,7.652895797786699,8.784604202213302,16,0,0,0,16,2.140625,9.989583333333332,7.848958333333333,7.4150219841769225,8.282894682489744,16,0,0,0
C4_C1_C3_media_eventos,n_tarefas,16,60.0,60.0,0.0,0.0,0.0,0,0,16,0,16,60.0,60.0,0.0,0.0,0.0,0,0,16,0
C4_C1_C3_media_eventos,p1_fuga,16,0.0,0.0,0.0,0.0,0.0,0,0,16,0,16,0.0,0.0,0.0,0.0,0.0,0,0,16,0
C4_C1_C3_media_eventos,p1_omissao,16,38.97395833333333,21.828125,-17.145833333333332,-19.22827461877658,-15.063392047890083,0,16,0,0,16,38.640625,19.166666666666664,-19.473958333333332,-21.62613552227828,-17.321781144388385,0,16,0,0
C4_C1_C3_media_eventos,p2_ajuda,16,0.0,9.1875,9.1875,8.287267411679279,10.087732588320721,16,0,0,0,16,0.0,10.489583333333334,10.489583333333334,9.62216515747912,11.357001509187548,16,0,0,0
C4_C1_C3_media_eventos,p2_bloqueio,16,134.75,17.166666666666664,-117.58333333333333,-131.30483198225545,-103.8618346844112,0,16,0,0,16,126.265625,5.942708333333333,-120.32291666666667,-134.59218836608736,-106.05364496724599,0,16,0,0
C4_C1_C3_media_eventos,p3_analitica,16,21.026041666666664,38.171875,17.145833333333332,15.063392047890083,19.22827461877658,16,0,0,0,16,21.359375,40.83333333333333,19.473958333333332,17.321781144388385,21.62613552227828,16,0,0,0
C4_C1_C3_media_eventos,retrabalho_sobre_esforco_realizado,16,0.08511966399697757,0.09209448911933607,0.006974825122358507,0.0018619087230056647,0.012087741521711349,11,5,0,0,16,0.07700442375652736,0.08461401738680613,0.007609593630278785,0.004453241576832188,0.010765945683725383,15,1,0,0
C4_C1_C3_media_eventos,retrabalho_sobre_plano,16,0.20249269794759037,0.1555048185848944,-0.04698787936269597,-0.05738582674901076,-0.036589931976381176,0,16,0,0,16,0.20309877307027008,0.15446817485451853,-0.04863059821575157,-0.057061528121581336,-0.04019966830992181,0,16,0,0
C4_C1_C3_media_eventos,tarefas_acima_da_competencia_maxima_inicial,16,14.541666666666666,14.541666666666666,0.0,0.0,0.0,0,0,16,0,16,14.541666666666666,14.541666666666666,0.0,0.0,0.0,0,0,16,0
C4_C1_C3_media_eventos,tarefas_pendentes,16,0.0,0.0,0.0,0.0,0.0,0,0,16,0,16,0.0,0.0,0.0,0.0,0.0,0,0,16,0
C4_C1_C3_media_eventos,taxa_omissao,16,0.22065972222222222,0.06310763888888889,-0.15755208333333331,-0.16588572955913905,-0.14921843710752758,0,16,0,0,16,0.2170138888888889,0.06371527777777779,-0.1532986111111111,-0.16375061564154447,-0.14284660658067772,0,16,0,0
C4_C1_C3_saldo_eventos,E_plano,16,339.25,339.25,0.0,0.0,0.0,0,0,16,0,16,339.25,339.25,0.0,0.0,0.0,0,0,16,0
C4_C1_C3_saldo_eventos,E_total,16,0.755921326099847,0.8604155745365272,0.10449424843668034,0.09164271308115624,0.11734578379220445,16,0,0,0,16,0.7839008771073721,0.8885319344131772,0.10463105730580516,0.08977301966093512,0.1194890949506752,16,0,0,0
C4_C1_C3_saldo_eventos,S_PV_final,16,256.75,315.71875,58.96875,54.73739431209275,63.20010568790725,16,0,0,0,16,257.1979166666667,315.421875,58.22395833333333,54.12067707661014,62.327239590056514,16,0,0,0
C4_C1_C3_saldo_eventos,S_UR_final,16,1.0795762432162328e-15,1.61907524424502e-17,-1.0633854907737827e-15,-1.3939236299668494e-15,-7.32847351580716e-16,0,16,0,0,16,1.0125002688117965e-15,1.7925475918427005e-17,-9.945747928933693e-16,-1.392306362671409e-15,-5.968432231153295e-16,0,16,0,0
C4_C1_C3_saldo_eventos,S_UR_maximo,16,26.034528457812492,6.789539033953906,-19.244989423858584,-21.43222024670355,-17.057758601013617,0,16,0,0,16,25.112262752683552,6.82348248352241,-18.28878026916114,-19.791363766650225,-16.786196771672056,0,16,0,0
C4_C1_C3_saldo_eventos,TL,16,0.0,9.119791666666668,9.119791666666668,8.235995263972919,10.003588069360417,16,0,0,0,16,0.0,10.489583333333334,10.489583333333334,9.62216515747912,11.357001509187548,16,0,0,0
C4_C1_C3_saldo_eventos,TR,16,68.14717491409334,52.70100920745203,-15.446165706641303,-19.756713861085093,-11.135617552197512,0,16,0,0,16,68.86531966000788,52.508906312877905,-16.356413347129973,-19.1295017337695,-13.583324960490444,0,16,0,0
C4_C1_C3_saldo_eventos,TU,16,132.59895833333334,16.901041666666668,-115.69791666666667,-128.91844015899048,-102.47739317434288,0,16,0,0,16,126.265625,5.942708333333333,-120.32291666666667,-134.59218836608736,-106.05364496724599,0,16,0,0
C4_C1_C3_saldo_eventos,TW,16,610.3072916666666,482.55208333333337,-127.75520833333333,-138.178089698544,-117.33232696812266,0,16,0,0,16,696.796875,547.1927083333333,-149.60416666666666,-161.87070668292282,-137.3376266504105,0,16,0,0
C4_C1_C3_saldo_eventos,atraso_relativo,16,2.9871590907845404,1.8520585386207413,-1.1351005521637996,-1.265320052666389,-1.0048810516612101,0,16,0,0,16,3.1345325057997284,1.9991332944309277,-1.1353992113688003,-1.2444795128346746,-1.026318909902926,0,16,0,0
C4_C1_C3_saldo_eventos,competencia_maxima_final,16,0.6784269160974062,0.8980647375143505,0.2196378214169442,0.195202850312015,0.24407279252187342,16,0,0,0,16,0.6784269160974062,0.9040176605668715,0.2255907444694652,0.19863896304822404,0.25254252589070636,16,0,0,0
C4_C1_C3_saldo_eventos,competencia_maxima_inicial,16,0.6784269160974062,0.6784269160974062,0.0,0.0,0.0,0,0,16,0,16,0.6784269160974062,0.6784269160974062,0.0,0.0,0.0,0,0,16,0
C4_C1_C3_saldo_eventos,competencia_minima_inicial,16,0.36053696648776334,0.36053696648776334,0.0,0.0,0.0,0,0,16,0,16,0.36053696648776334,0.36053696648776334,0.0,0.0,0.0,0,0,16,0
C4_C1_C3_saldo_eventos,concluiu,16,1.0,1.0,0.0,0.0,0.0,0,0,16,0,16,1.0,1.0,0.0,0.0,0.0,0,0,16,0
C4_C1_C3_saldo_eventos,divida_latente_sobre_plano,16,0.07687319643456514,0.019950142711189323,-0.05692305372337582,-0.06365586805177258,-0.05019023939497907,0,16,0,0,16,0.07412735814984972,0.020144458403516828,-0.053982899746332885,-0.05825990358566864,-0.04970589590699713,0,16,0,0
C4_C1_C3_saldo_eventos,dividas_pendentes,16,0.0,0.0,0.0,0.0,0.0,0,0,16,0,16,0.0,0.0,0.0,0.0,0.0,0,0,16,0
C4_C1_C3_saldo_eventos,hiato_colega_capaz_sem_confianca,16,85.40104166666667,0.0,-85.40104166666667,-95.44541806267453,-75.35666527065881,0,16,0,0,16,81.421875,0.0,-81.421875,-92.06140103478849,-70.78234896521151,0,16,0,0
C4_C1_C3_saldo_eventos,hiato_encontrado,16,132.59895833333334,26.020833333333332,-106.578125,-119.52136293553201,-93.63488706446799,0,16,0,0,16,126.265625,16.432291666666664,-109.83333333333334,-124.01955388981516,-95.64711277685153,0,16,0,0
C4_C1_C3_saldo_eventos,hiato_sem_colega_capaz,16,47.19791666666667,16.901041666666668,-30.296875,-34.574395600215695,-26.019354399784305,0,16,0,0,16,44.84375,5.942708333333333,-38.90104166666667,-44.268678694558574,-33.53340463877477,0,16,0,0
C4_C1_C3_saldo_eventos,hiato_sem_colega_livre,16,11.989583333333332,7.213541666666667,-4.776041666666667,-7.471731976150572,-2.0803513571827614,4,12,0,0,16,11.385416666666668,1.9479166666666665,-9.4375,-12.945847948864639,-5.929152051135361,0,15,1,0
C4_C1_C3_saldo_eventos,makespan,16,226.57812500000003,140.46354166666666,-86.11458333333333,-94.28497702351343,-77.94418964315322,0,16,0,0,16,237.68229166666669,151.90625,-85.77604166666666,-90.54976146784735,-81.00232186548597,0,16,0,0
C4_C1_C3_saldo_eventos,makespan_cpm,16,77.1875,77.1875,0.0,0.0,0.0,0,0,16,0,16,77.1875,77.1875,0.0,0.0,0.0,0,0,16,0
C4_C1_C3_saldo_eventos,n_adiamentos,16,0.0,0.0,0.0,0.0,0.0,0,0,16,0,16,0.0,0.0,0.0,0.0,0.0,0,0,16,0
C4_C1_C3_saldo_eventos,n_com_erro,16,13.020833333333334,3.776041666666667,-9.244791666666668,-9.774305432181794,-8.715277901151541,0,16,0,0,16,13.020833333333332,3.8229166666666665,-9.197916666666668,-9.82503693849267,-8.570796394840666,0,16,0,0
C4_C1_C3_saldo_eventos,n_limpas,16,46.979166666666664,56.22395833333333,9.244791666666668,8.715277901151541,9.774305432181794,16,0,0,0,16,46.97916666666667,56.177083333333336,9.197916666666668,8.570796394840666,9.82503693849267,16,0,0,0
C4_C1_C3_saldo_eventos,n_reportadas,16,2.09375,10.385416666666666,8.291666666666666,7.772043614593543,8.811289718739788,16,0,0,0,16,2.140625,9.989583333333332,7.848958333333333,7.4150219841769225,8.282894682489744,16,0,0,0
C4_C1_C3_saldo_eventos,n_tarefas,16,60.0,60.0,0.0,0.0,0.0,0,0,16,0,16,60.0,60.0,0.0,0.0,0.0,0,0,16,0
C4_C1_C3_saldo_eventos,p1_fuga,16,0.0,0.0,0.0,0.0,0.0,0,0,16,0,16,0.0,0.0,0.0,0.0,0.0,0,0,16,0
C4_C1_C3_saldo_eventos,p1_omissao,16,39.17708333333333,21.09375,-18.083333333333336,-20.13406522526077,-16.0326014414059,0,16,0,0,16,38.640625,19.166666666666664,-19.473958333333332,-21.62613552227828,-17.321781144388385,0,16,0,0
C4_C1_C3_saldo_eventos,p2_ajuda,16,0.0,9.119791666666668,9.119791666666668,8.235995263972919,10.003588069360417,16,0,0,0,16,0.0,10.489583333333334,10.489583333333334,9.62216515747912,11.357001509187548,16,0,0,0
C4_C1_C3_saldo_eventos,p2_bloqueio,16,132.59895833333334,16.901041666666668,-115.69791666666667,-128.91844015899048,-102.47739317434288,0,16,0,0,16,126.265625,5.942708333333333,-120.32291666666667,-134.59218836608736,-106.05364496724599,0,16,0,0
C4_C1_C3_saldo_eventos,p3_analitica,16,20.822916666666668,38.90625,18.083333333333336,16.0326014414059,20.13406522526077,16,0,0,0,16,21.359375,40.83333333333333,19.473958333333332,17.321781144388385,21.62613552227828,16,0,0,0
C4_C1_C3_saldo_eventos,retrabalho_sobre_esforco_realizado,16,0.08396080430655697,0.09305950724711798,0.009098702940561018,0.0037318418196194744,0.014465564061502562,12,4,0,0,16,0.07700442375652736,0.08461401738680613,0.007609593630278785,0.004453241576832188,0.010765945683725383,15,1,0,0
C4_C1_C3_saldo_eventos,retrabalho_sobre_plano,16,0.20037088573928366,0.15504866001232687,-0.04532222572695679,-0.05750956248869599,-0.03313488896521759,0,16,0,0,16,0.20309877307027008,0.15446817485451853,-0.04863059821575157,-0.057061528121581336,-0.04019966830992181,0,16,0,0
C4_C1_C3_saldo_eventos,tarefas_acima_da_competencia_maxima_inicial,16,14.541666666666666,14.541666666666666,0.0,0.0,0.0,0,0,16,0,16,14.541666666666666,14.541666666666666,0.0,0.0,0.0,0,0,16,0
C4_C1_C3_saldo_eventos,tarefas_pendentes,16,0.0,0.0,0.0,0.0,0.0,0,0,16,0,16,0.0,0.0,0.0,0.0,0.0,0,0,16,0
C4_C1_C3_saldo_eventos,taxa_omissao,16,0.2170138888888889,0.06293402777777778,-0.1540798611111111,-0.16290509053636323,-0.14525463168585898,0,16,0,0,16,0.2170138888888889,0.06371527777777779,-0.1532986111111111,-0.16375061564154447,-0.14284660658067772,0,16,0,0
C4_C1_Di_yaml_arredondado,E_plano,16,339.25,339.25,0.0,0.0,0.0,0,0,16,0,16,339.25,339.25,0.0,0.0,0.0,0,0,16,0
C4_C1_Di_yaml_arredondado,E_total,16,0.7346063606675836,0.8656262858876684,0.13101992522008488,0.11640693092556527,0.1456329195146045,16,0,0,0,16,0.7839008771073721,0.8885319344131772,0.10463105730580516,0.08977301966093512,0.1194890949506752,16,0,0,0
C4_C1_Di_yaml_arredondado,S_PV_final,16,254.25,316.94270833333337,62.69270833333333,57.49762346866099,67.88779319800567,16,0,0,0,16,257.1979166666667,315.421875,58.22395833333333,54.12067707661014,62.327239590056514,16,0,0,0
C4_C1_Di_yaml_arredondado,S_UR_final,16,6.944676315493818e-16,3.9898639947466563e-17,-6.545689916019153e-16,-8.031075273255221e-16,-5.060304558783084e-16,0,16,0,0,16,1.0125002688117965e-15,1.7925475918427005e-17,-9.945747928933693e-16,-1.392306362671409e-15,-5.968432231153295e-16,0,16,0,0
C4_C1_Di_yaml_arredondado,S_UR_maximo,16,25.858748130469046,6.621778694945165,-19.236969435523882,-21.030507087370047,-17.443431783677717,0,16,0,0,16,25.112262752683552,6.82348248352241,-18.28878026916114,-19.791363766650225,-16.786196771672056,0,16,0,0
C4_C1_Di_yaml_arredondado,TL,16,0.0,9.125,9.125,8.247767831883484,10.002232168116516,16,0,0,0,16,0.0,10.489583333333334,10.489583333333334,9.62216515747912,11.357001509187548,16,0,0,0
C4_C1_Di_yaml_arredondado,TR,16,67.02685393659573,51.459928458754405,-15.566925477841325,-19.127416126244277,-12.006434829438373,0,16,0,0,16,68.86531966000788,52.508906312877905,-16.356413347129973,-19.1295017337695,-13.583324960490444,0,16,0,0
C4_C1_Di_yaml_arredondado,TU,16,140.74479166666666,17.0,-123.74479166666667,-136.68359055910148,-110.80599277423187,0,16,0,0,16,126.265625,5.942708333333333,-120.32291666666667,-134.59218836608736,-106.05364496724599,0,16,0,0
C4_C1_Di_yaml_arredondado,TW,16,563.2916666666666,497.32812499999994,-65.96354166666666,-70.32460452134556,-61.602478811987744,0,16,0,0,16,696.796875,547.1927083333333,-149.60416666666666,-161.87070668292282,-137.3376266504105,0,16,0,0
C4_C1_Di_yaml_arredondado,atraso_relativo,16,3.0364988821169905,1.8829456317376734,-1.1535532503793169,-1.2948476423517028,-1.012258858406931,0,16,0,0,16,3.1345325057997284,1.9991332944309277,-1.1353992113688003,-1.2444795128346746,-1.026318909902926,0,16,0,0
C4_C1_Di_yaml_arredondado,competencia_maxima_final,16,0.6784269160974062,0.8941015795562725,0.2156746634588662,0.19129383327442723,0.2400554936433052,16,0,0,0,16,0.6784269160974062,0.9040176605668715,0.2255907444694652,0.19863896304822404,0.25254252589070636,16,0,0,0
C4_C1_Di_yaml_arredondado,competencia_maxima_inicial,16,0.6784269160974062,0.6784269160974062,0.0,0.0,0.0,0,0,16,0,16,0.6784269160974062,0.6784269160974062,0.0,0.0,0.0,0,0,16,0
C4_C1_Di_yaml_arredondado,competencia_minima_inicial,16,0.36053696648776334,0.36053696648776334,0.0,0.0,0.0,0,0,16,0,16,0.36053696648776334,0.36053696648776334,0.0,0.0,0.0,0,0,16,0
C4_C1_Di_yaml_arredondado,concluiu,16,1.0,1.0,0.0,0.0,0.0,0,0,16,0,16,1.0,1.0,0.0,0.0,0.0,0,0,16,0
C4_C1_Di_yaml_arredondado,divida_latente_sobre_plano,16,0.0761953499550456,0.019580732730026577,-0.05661461722501901,-0.06110922678279065,-0.05212000766724737,0,16,0,0,16,0.07412735814984972,0.020144458403516828,-0.053982899746332885,-0.05825990358566864,-0.04970589590699713,0,16,0,0
C4_C1_Di_yaml_arredondado,dividas_pendentes,16,0.0,0.0,0.0,0.0,0.0,0,0,16,0,16,0.0,0.0,0.0,0.0,0.0,0,0,16,0
C4_C1_Di_yaml_arredondado,hiato_colega_capaz_sem_confianca,16,91.03645833333333,0.0,-91.03645833333333,-101.37154896432276,-80.7013677023439,0,16,0,0,16,81.421875,0.0,-81.421875,-92.06140103478849,-70.78234896521151,0,16,0,0
C4_C1_Di_yaml_arredondado,hiato_encontrado,16,140.74479166666666,26.125,-114.61979166666666,-127.18308862593189,-102.05649470740143,0,16,0,0,16,126.265625,16.432291666666664,-109.83333333333334,-124.01955388981516,-95.64711277685153,0,16,0,0
C4_C1_Di_yaml_arredondado,hiato_sem_colega_capaz,16,49.70833333333333,17.0,-32.70833333333333,-36.757736887361816,-28.658929779304845,0,16,0,0,16,44.84375,5.942708333333333,-38.90104166666667,-44.268678694558574,-33.53340463877477,0,16,0,0
C4_C1_Di_yaml_arredondado,hiato_sem_colega_livre,16,11.942708333333332,7.369791666666666,-4.572916666666667,-7.682163279587613,-1.4636700537457208,5,11,0,0,16,11.385416666666668,1.9479166666666665,-9.4375,-12.945847948864639,-5.929152051135361,0,15,1,0
C4_C1_Di_yaml_arredondado,makespan,16,229.94270833333331,142.91145833333334,-87.03125,-94.92856824331217,-79.13393175668783,0,16,0,0,16,237.68229166666669,151.90625,-85.77604166666666,-90.54976146784735,-81.00232186548597,0,16,0,0
C4_C1_Di_yaml_arredondado,makespan_cpm,16,77.1875,77.1875,0.0,0.0,0.0,0,0,16,0,16,77.1875,77.1875,0.0,0.0,0.0,0,0,16,0
C4_C1_Di_yaml_arredondado,n_adiamentos,16,0.0,0.0,0.0,0.0,0.0,0,0,16,0,16,0.0,0.0,0.0,0.0,0.0,0,0,16,0
C4_C1_Di_yaml_arredondado,n_com_erro,16,13.5,3.5729166666666665,-9.927083333333332,-10.547671472949045,-9.30649519371762,0,16,0,0,16,13.020833333333332,3.8229166666666665,-9.197916666666668,-9.82503693849267,-8.570796394840666,0,16,0,0
C4_C1_Di_yaml_arredondado,n_limpas,16,46.5,56.427083333333336,9.927083333333332,9.30649519371762,10.547671472949045,16,0,0,0,16,46.97916666666667,56.177083333333336,9.197916666666668,8.570796394840666,9.82503693849267,16,0,0,0
C4_C1_Di_yaml_arredondado,n_reportadas,16,1.9791666666666667,10.09375,8.114583333333334,7.820088357989105,8.409078308677563,16,0,0,0,16,2.140625,9.989583333333332,7.848958333333333,7.4150219841769225,8.282894682489744,16,0,0,0
C4_C1_Di_yaml_arredondado,n_tarefas,16,60.0,60.0,0.0,0.0,0.0,0,0,16,0,16,60.0,60.0,0.0,0.0,0.0,0,0,16,0
C4_C1_Di_yaml_arredondado,p1_fuga,16,0.0,0.0,0.0,0.0,0.0,0,0,16,0,16,0.0,0.0,0.0,0.0,0.0,0,0,16,0
C4_C1_Di_yaml_arredondado,p1_omissao,16,38.125,22.427083333333336,-15.697916666666666,-17.483710629297494,-13.91212270403584,0,16,0,0,16,38.640625,19.166666666666664,-19.473958333333332,-21.62613552227828,-17.321781144388385,0,16,0,0
C4_C1_Di_yaml_arredondado,p2_ajuda,16,0.0,9.125,9.125,8.247767831883484,10.002232168116516,16,0,0,0,16,0.0,10.489583333333334,10.489583333333334,9.62216515747912,11.357001509187548,16,0,0,0
C4_C1_Di_yaml_arredondado,p2_bloqueio,16,140.74479166666666,17.0,-123.74479166666667,-136.68359055910148,-110.80599277423187,0,16,0,0,16,126.265625,5.942708333333333,-120.32291666666667,-134.59218836608736,-106.05364496724599,0,16,0,0
C4_C1_Di_yaml_arredondado,p3_analitica,16,21.875,37.572916666666664,15.697916666666666,13.91212270403584,17.483710629297494,16,0,0,0,16,21.359375,40.83333333333333,19.473958333333332,17.321781144388385,21.62613552227828,16,0,0,0
C4_C1_Di_yaml_arredondado,retrabalho_sobre_esforco_realizado,16,0.08651059928205153,0.08895004082558453,0.0024394415435329856,-0.0015646948435139993,0.0064435779305799705,9,7,0,0,16,0.07700442375652736,0.08461401738680613,0.007609593630278785,0.004453241576832188,0.010765945683725383,15,1,0,0
C4_C1_Di_yaml_arredondado,retrabalho_sobre_plano,16,0.19702903133057298,0.15154549126031047,-0.04548354007026253,-0.05505449019693251,-0.035912589943592546,0,16,0,0,16,0.20309877307027008,0.15446817485451853,-0.04863059821575157,-0.057061528121581336,-0.04019966830992181,0,16,0,0
C4_C1_Di_yaml_arredondado,tarefas_acima_da_competencia_maxima_inicial,16,14.541666666666666,14.541666666666666,0.0,0.0,0.0,0,0,16,0,16,14.541666666666666,14.541666666666666,0.0,0.0,0.0,0,0,16,0
C4_C1_Di_yaml_arredondado,tarefas_pendentes,16,0.0,0.0,0.0,0.0,0.0,0,0,16,0,16,0.0,0.0,0.0,0.0,0.0,0,0,16,0
C4_C1_Di_yaml_arredondado,taxa_omissao,16,0.22499999999999998,0.059548611111111115,-0.16545138888888888,-0.17579452454915076,-0.155108253228627,0,16,0,0,16,0.2170138888888889,0.06371527777777779,-0.1532986111111111,-0.16375061564154447,-0.14284660658067772,0,16,0,0
controle_motor,E_plano,16,339.25,339.25,0.0,0.0,0.0,0,0,16,0,16,339.25,339.25,0.0,0.0,0.0,0,0,16,0
controle_motor,E_total,16,0.7839008771073721,0.8778949805212197,0.09399410341384759,0.07877590762853387,0.10921229919916131,16,0,0,0,16,0.7839008771073721,0.8885319344131772,0.10463105730580516,0.08977301966093512,0.1194890949506752,16,0,0,0
controle_motor,S_PV_final,16,257.1979166666667,317.6354166666667,60.4375,55.31181140204432,65.56318859795569,16,0,0,0,16,257.1979166666667,315.421875,58.22395833333333,54.12067707661014,62.327239590056514,16,0,0,0
controle_motor,S_UR_final,16,1.0125002688117965e-15,4.915049848600953e-17,-9.633497703257867e-16,-1.3661570717613915e-15,-5.605424688901819e-16,0,16,0,0,16,1.0125002688117965e-15,1.7925475918427005e-17,-9.945747928933693e-16,-1.392306362671409e-15,-5.968432231153295e-16,0,16,0,0
controle_motor,S_UR_maximo,16,25.112262752683552,6.441106236079249,-18.671156516604306,-20.440795288307918,-16.901517744900694,0,16,0,0,16,25.112262752683552,6.82348248352241,-18.28878026916114,-19.791363766650225,-16.786196771672056,0,16,0,0
controle_motor,TL,16,0.0,8.692708333333334,8.692708333333334,7.981352616287527,9.40406405037914,16,0,0,0,16,0.0,10.489583333333334,10.489583333333334,9.62216515747912,11.357001509187548,16,0,0,0
controle_motor,TR,16,68.86531966000788,52.18000688943603,-16.685312770571848,-20.381513604231277,-12.989111936912419,0,16,0,0,16,68.86531966000788,52.508906312877905,-16.356413347129973,-19.1295017337695,-13.583324960490444,0,16,0,0
controle_motor,TU,16,126.265625,15.692708333333332,-110.57291666666666,-124.57384957988015,-96.57198375345317,0,16,0,0,16,126.265625,5.942708333333333,-120.32291666666667,-134.59218836608736,-106.05364496724599,0,16,0,0
controle_motor,TW,16,696.796875,548.171875,-148.625,-161.66664890990813,-135.58335109009187,0,16,0,0,16,696.796875,547.1927083333333,-149.60416666666666,-161.87070668292282,-137.3376266504105,0,16,0,0
controle_motor,atraso_relativo,16,3.1345325057997284,2.023489051919639,-1.111043453880089,-1.2112556025275736,-1.0108313052326046,0,16,0,0,16,3.1345325057997284,1.9991332944309277,-1.1353992113688003,-1.2444795128346746,-1.026318909902926,0,16,0,0
controle_motor,competencia_maxima_final,16,0.6784269160974062,0.8950274128444557,0.21660049674704948,0.19305655980812736,0.2401444336859716,16,0,0,0,16,0.6784269160974062,0.9040176605668715,0.2255907444694652,0.19863896304822404,0.25254252589070636,16,0,0,0
controle_motor,competencia_maxima_inicial,16,0.6784269160974062,0.6784269160974062,0.0,0.0,0.0,0,0,16,0,16,0.6784269160974062,0.6784269160974062,0.0,0.0,0.0,0,0,16,0
controle_motor,competencia_minima_inicial,16,0.36053696648776334,0.36053696648776334,0.0,0.0,0.0,0,0,16,0,16,0.36053696648776334,0.36053696648776334,0.0,0.0,0.0,0,0,16,0
controle_motor,concluiu,16,1.0,1.0,0.0,0.0,0.0,0,0,16,0,16,1.0,1.0,0.0,0.0,0.0,0,0,16,0
controle_motor,divida_latente_sobre_plano,16,0.07412735814984972,0.01902967070148461,-0.05509768744836511,-0.0600224981946619,-0.05017287670206832,0,16,0,0,16,0.07412735814984972,0.020144458403516828,-0.053982899746332885,-0.05825990358566864,-0.04970589590699713,0,16,0,0
controle_motor,dividas_pendentes,16,0.0,0.0,0.0,0.0,0.0,0,0,16,0,16,0.0,0.0,0.0,0.0,0.0,0,0,16,0
controle_motor,hiato_colega_capaz_sem_confianca,16,81.421875,0.0,-81.421875,-92.06140103478849,-70.78234896521151,0,16,0,0,16,81.421875,0.0,-81.421875,-92.06140103478849,-70.78234896521151,0,16,0,0
controle_motor,hiato_encontrado,16,126.265625,24.385416666666668,-101.88020833333334,-115.81773546281698,-87.9426812038497,0,16,0,0,16,126.265625,16.432291666666664,-109.83333333333334,-124.01955388981516,-95.64711277685153,0,16,0,0
controle_motor,hiato_sem_colega_capaz,16,44.84375,15.692708333333332,-29.151041666666668,-33.999477180006444,-24.30260615332689,0,16,0,0,16,44.84375,5.942708333333333,-38.90104166666667,-44.268678694558574,-33.53340463877477,0,16,0,0
controle_motor,hiato_sem_colega_livre,16,11.385416666666668,6.46875,-4.916666666666667,-8.189624036973044,-1.6437092963602895,5,11,0,0,16,11.385416666666668,1.9479166666666665,-9.4375,-12.945847948864639,-5.929152051135361,0,15,1,0
controle_motor,makespan,16,237.68229166666669,153.671875,-84.01041666666667,-88.29333972454867,-79.72749360878467,0,16,0,0,16,237.68229166666669,151.90625,-85.77604166666666,-90.54976146784735,-81.00232186548597,0,16,0,0
controle_motor,makespan_cpm,16,77.1875,77.1875,0.0,0.0,0.0,0,0,16,0,16,77.1875,77.1875,0.0,0.0,0.0,0,0,16,0
controle_motor,n_adiamentos,16,0.0,0.0,0.0,0.0,0.0,0,0,16,0,16,0.0,0.0,0.0,0.0,0.0,0,0,16,0
controle_motor,n_com_erro,16,13.020833333333332,3.479166666666667,-9.541666666666666,-10.215690194836496,-8.867643138496836,0,16,0,0,16,13.020833333333332,3.8229166666666665,-9.197916666666668,-9.82503693849267,-8.570796394840666,0,16,0,0
controle_motor,n_limpas,16,46.97916666666667,56.52083333333333,9.541666666666666,8.867643138496836,10.215690194836496,16,0,0,0,16,46.97916666666667,56.177083333333336,9.197916666666668,8.570796394840666,9.82503693849267,16,0,0,0
controle_motor,n_reportadas,16,2.140625,10.203125,8.0625,7.577825170625277,8.547174829374722,16,0,0,0,16,2.140625,9.989583333333332,7.848958333333333,7.4150219841769225,8.282894682489744,16,0,0,0
controle_motor,n_tarefas,16,60.0,60.0,0.0,0.0,0.0,0,0,16,0,16,60.0,60.0,0.0,0.0,0.0,0,0,16,0
controle_motor,p1_fuga,16,0.0,0.0,0.0,0.0,0.0,0,0,16,0,16,0.0,0.0,0.0,0.0,0.0,0,0,16,0
controle_motor,p1_omissao,16,38.640625,20.057291666666664,-18.583333333333332,-21.087776051660587,-16.078890615006078,0,16,0,0,16,38.640625,19.166666666666664,-19.473958333333332,-21.62613552227828,-17.321781144388385,0,16,0,0
controle_motor,p2_ajuda,16,0.0,8.692708333333334,8.692708333333334,7.981352616287527,9.40406405037914,16,0,0,0,16,0.0,10.489583333333334,10.489583333333334,9.62216515747912,11.357001509187548,16,0,0,0
controle_motor,p2_bloqueio,16,126.265625,15.692708333333332,-110.57291666666666,-124.57384957988015,-96.57198375345317,0,16,0,0,16,126.265625,5.942708333333333,-120.32291666666667,-134.59218836608736,-106.05364496724599,0,16,0,0
controle_motor,p3_analitica,16,21.359375,39.942708333333336,18.583333333333332,16.078890615006078,21.087776051660587,16,0,0,0,16,21.359375,40.83333333333333,19.473958333333332,17.321781144388385,21.62613552227828,16,0,0,0
controle_motor,retrabalho_sobre_esforco_realizado,16,0.07700442375652736,0.08300710764555623,0.006002683889028878,0.0023601471734769927,0.009645220604580763,12,4,0,0,16,0.07700442375652736,0.08461401738680613,0.007609593630278785,0.004453241576832188,0.010765945683725383,15,1,0,0
controle_motor,retrabalho_sobre_plano,16,0.20309877307027008,0.15360512503452117,-0.04949364803574892,-0.060519569982867644,-0.038467726088630194,0,16,0,0,16,0.20309877307027008,0.15446817485451853,-0.04863059821575157,-0.057061528121581336,-0.04019966830992181,0,16,0,0
controle_motor,tarefas_acima_da_competencia_maxima_inicial,16,14.541666666666666,14.541666666666666,0.0,0.0,0.0,0,0,16,0,16,14.541666666666666,14.541666666666666,0.0,0.0,0.0,0,0,16,0
controle_motor,tarefas_pendentes,16,0.0,0.0,0.0,0.0,0.0,0,0,16,0,16,0.0,0.0,0.0,0.0,0.0,0,0,16,0
controle_motor,taxa_omissao,16,0.2170138888888889,0.05798611111111111,-0.15902777777777777,-0.17026150324727493,-0.1477940523082806,0,16,0,0,16,0.2170138888888889,0.06371527777777779,-0.1532986111111111,-0.16375061564154447,-0.14284660658067772,0,16,0,0
controle_motor_auto,E_plano,16,339.25,339.25,0.0,0.0,0.0,0,0,16,0,16,339.25,339.25,0.0,0.0,0.0,0,0,16,0
controle_motor_auto,E_total,16,0.7839008771073721,0.8778949805212197,0.09399410341384759,0.07877590762853387,0.10921229919916131,16,0,0,0,16,0.7839008771073721,0.8885319344131772,0.10463105730580516,0.08977301966093512,0.1194890949506752,16,0,0,0
controle_motor_auto,S_PV_final,16,257.1979166666667,317.6354166666667,60.4375,55.31181140204432,65.56318859795569,16,0,0,0,16,257.1979166666667,315.421875,58.22395833333333,54.12067707661014,62.327239590056514,16,0,0,0
controle_motor_auto,S_UR_final,16,1.0125002688117965e-15,4.915049848600953e-17,-9.633497703257867e-16,-1.3661570717613915e-15,-5.605424688901819e-16,0,16,0,0,16,1.0125002688117965e-15,1.7925475918427005e-17,-9.945747928933693e-16,-1.392306362671409e-15,-5.968432231153295e-16,0,16,0,0
controle_motor_auto,S_UR_maximo,16,25.112262752683552,6.441106236079249,-18.671156516604306,-20.440795288307918,-16.901517744900694,0,16,0,0,16,25.112262752683552,6.82348248352241,-18.28878026916114,-19.791363766650225,-16.786196771672056,0,16,0,0
controle_motor_auto,TL,16,0.0,8.692708333333334,8.692708333333334,7.981352616287527,9.40406405037914,16,0,0,0,16,0.0,10.489583333333334,10.489583333333334,9.62216515747912,11.357001509187548,16,0,0,0
controle_motor_auto,TR,16,68.86531966000788,52.18000688943603,-16.685312770571848,-20.381513604231277,-12.989111936912419,0,16,0,0,16,68.86531966000788,52.508906312877905,-16.356413347129973,-19.1295017337695,-13.583324960490444,0,16,0,0
controle_motor_auto,TU,16,126.265625,15.692708333333332,-110.57291666666666,-124.57384957988015,-96.57198375345317,0,16,0,0,16,126.265625,5.942708333333333,-120.32291666666667,-134.59218836608736,-106.05364496724599,0,16,0,0
controle_motor_auto,TW,16,696.796875,548.171875,-148.625,-161.66664890990813,-135.58335109009187,0,16,0,0,16,696.796875,547.1927083333333,-149.60416666666666,-161.87070668292282,-137.3376266504105,0,16,0,0
controle_motor_auto,atraso_relativo,16,3.1345325057997284,2.023489051919639,-1.111043453880089,-1.2112556025275736,-1.0108313052326046,0,16,0,0,16,3.1345325057997284,1.9991332944309277,-1.1353992113688003,-1.2444795128346746,-1.026318909902926,0,16,0,0
controle_motor_auto,competencia_maxima_final,16,0.6784269160974062,0.8950274128444557,0.21660049674704948,0.19305655980812736,0.2401444336859716,16,0,0,0,16,0.6784269160974062,0.9040176605668715,0.2255907444694652,0.19863896304822404,0.25254252589070636,16,0,0,0
controle_motor_auto,competencia_maxima_inicial,16,0.6784269160974062,0.6784269160974062,0.0,0.0,0.0,0,0,16,0,16,0.6784269160974062,0.6784269160974062,0.0,0.0,0.0,0,0,16,0
controle_motor_auto,competencia_minima_inicial,16,0.36053696648776334,0.36053696648776334,0.0,0.0,0.0,0,0,16,0,16,0.36053696648776334,0.36053696648776334,0.0,0.0,0.0,0,0,16,0
controle_motor_auto,concluiu,16,1.0,1.0,0.0,0.0,0.0,0,0,16,0,16,1.0,1.0,0.0,0.0,0.0,0,0,16,0
controle_motor_auto,divida_latente_sobre_plano,16,0.07412735814984972,0.01902967070148461,-0.05509768744836511,-0.0600224981946619,-0.05017287670206832,0,16,0,0,16,0.07412735814984972,0.020144458403516828,-0.053982899746332885,-0.05825990358566864,-0.04970589590699713,0,16,0,0
controle_motor_auto,dividas_pendentes,16,0.0,0.0,0.0,0.0,0.0,0,0,16,0,16,0.0,0.0,0.0,0.0,0.0,0,0,16,0
controle_motor_auto,hiato_colega_capaz_sem_confianca,16,81.421875,0.0,-81.421875,-92.06140103478849,-70.78234896521151,0,16,0,0,16,81.421875,0.0,-81.421875,-92.06140103478849,-70.78234896521151,0,16,0,0
controle_motor_auto,hiato_encontrado,16,126.265625,24.385416666666668,-101.88020833333334,-115.81773546281698,-87.9426812038497,0,16,0,0,16,126.265625,16.432291666666664,-109.83333333333334,-124.01955388981516,-95.64711277685153,0,16,0,0
controle_motor_auto,hiato_sem_colega_capaz,16,44.84375,15.692708333333332,-29.151041666666668,-33.999477180006444,-24.30260615332689,0,16,0,0,16,44.84375,5.942708333333333,-38.90104166666667,-44.268678694558574,-33.53340463877477,0,16,0,0
controle_motor_auto,hiato_sem_colega_livre,16,11.385416666666668,6.46875,-4.916666666666667,-8.189624036973044,-1.6437092963602895,5,11,0,0,16,11.385416666666668,1.9479166666666665,-9.4375,-12.945847948864639,-5.929152051135361,0,15,1,0
controle_motor_auto,makespan,16,237.68229166666669,153.671875,-84.01041666666667,-88.29333972454867,-79.72749360878467,0,16,0,0,16,237.68229166666669,151.90625,-85.77604166666666,-90.54976146784735,-81.00232186548597,0,16,0,0
controle_motor_auto,makespan_cpm,16,77.1875,77.1875,0.0,0.0,0.0,0,0,16,0,16,77.1875,77.1875,0.0,0.0,0.0,0,0,16,0
controle_motor_auto,n_adiamentos,16,0.0,0.0,0.0,0.0,0.0,0,0,16,0,16,0.0,0.0,0.0,0.0,0.0,0,0,16,0
controle_motor_auto,n_com_erro,16,13.020833333333332,3.479166666666667,-9.541666666666666,-10.215690194836496,-8.867643138496836,0,16,0,0,16,13.020833333333332,3.8229166666666665,-9.197916666666668,-9.82503693849267,-8.570796394840666,0,16,0,0
controle_motor_auto,n_limpas,16,46.97916666666667,56.52083333333333,9.541666666666666,8.867643138496836,10.215690194836496,16,0,0,0,16,46.97916666666667,56.177083333333336,9.197916666666668,8.570796394840666,9.82503693849267,16,0,0,0
controle_motor_auto,n_reportadas,16,2.140625,10.203125,8.0625,7.577825170625277,8.547174829374722,16,0,0,0,16,2.140625,9.989583333333332,7.848958333333333,7.4150219841769225,8.282894682489744,16,0,0,0
controle_motor_auto,n_tarefas,16,60.0,60.0,0.0,0.0,0.0,0,0,16,0,16,60.0,60.0,0.0,0.0,0.0,0,0,16,0
controle_motor_auto,p1_fuga,16,0.0,0.0,0.0,0.0,0.0,0,0,16,0,16,0.0,0.0,0.0,0.0,0.0,0,0,16,0
controle_motor_auto,p1_omissao,16,38.640625,20.057291666666664,-18.583333333333332,-21.087776051660587,-16.078890615006078,0,16,0,0,16,38.640625,19.166666666666664,-19.473958333333332,-21.62613552227828,-17.321781144388385,0,16,0,0
controle_motor_auto,p2_ajuda,16,0.0,8.692708333333334,8.692708333333334,7.981352616287527,9.40406405037914,16,0,0,0,16,0.0,10.489583333333334,10.489583333333334,9.62216515747912,11.357001509187548,16,0,0,0
controle_motor_auto,p2_bloqueio,16,126.265625,15.692708333333332,-110.57291666666666,-124.57384957988015,-96.57198375345317,0,16,0,0,16,126.265625,5.942708333333333,-120.32291666666667,-134.59218836608736,-106.05364496724599,0,16,0,0
controle_motor_auto,p3_analitica,16,21.359375,39.942708333333336,18.583333333333332,16.078890615006078,21.087776051660587,16,0,0,0,16,21.359375,40.83333333333333,19.473958333333332,17.321781144388385,21.62613552227828,16,0,0,0
controle_motor_auto,retrabalho_sobre_esforco_realizado,16,0.07700442375652736,0.08300710764555623,0.006002683889028878,0.0023601471734769927,0.009645220604580763,12,4,0,0,16,0.07700442375652736,0.08461401738680613,0.007609593630278785,0.004453241576832188,0.010765945683725383,15,1,0,0
controle_motor_auto,retrabalho_sobre_plano,16,0.20309877307027008,0.15360512503452117,-0.04949364803574892,-0.060519569982867644,-0.038467726088630194,0,16,0,0,16,0.20309877307027008,0.15446817485451853,-0.04863059821575157,-0.057061528121581336,-0.04019966830992181,0,16,0,0
controle_motor_auto,tarefas_acima_da_competencia_maxima_inicial,16,14.541666666666666,14.541666666666666,0.0,0.0,0.0,0,0,16,0,16,14.541666666666666,14.541666666666666,0.0,0.0,0.0,0,0,16,0
controle_motor_auto,tarefas_pendentes,16,0.0,0.0,0.0,0.0,0.0,0,0,16,0,16,0.0,0.0,0.0,0.0,0.0,0,0,16,0
controle_motor_auto,taxa_omissao,16,0.2170138888888889,0.05798611111111111,-0.15902777777777777,-0.17026150324727493,-0.1477940523082806,0,16,0,0,16,0.2170138888888889,0.06371527777777779,-0.1532986111111111,-0.16375061564154447,-0.14284660658067772,0,16,0,0
legado,E_plano,16,339.25,339.25,0.0,0.0,0.0,0,0,16,0,16,339.25,339.25,0.0,0.0,0.0,0,0,16,0
legado,E_total,16,0.7839008771073721,0.8885319344131772,0.10463105730580516,0.08977301966093512,0.1194890949506752,16,0,0,0,16,0.7839008771073721,0.8885319344131772,0.10463105730580516,0.08977301966093512,0.1194890949506752,16,0,0,0
legado,S_PV_final,16,257.1979166666667,315.421875,58.22395833333333,54.12067707661014,62.327239590056514,16,0,0,0,16,257.1979166666667,315.421875,58.22395833333333,54.12067707661014,62.327239590056514,16,0,0,0
legado,S_UR_final,16,1.0125002688117965e-15,1.7925475918427005e-17,-9.945747928933693e-16,-1.392306362671409e-15,-5.968432231153295e-16,0,16,0,0,16,1.0125002688117965e-15,1.7925475918427005e-17,-9.945747928933693e-16,-1.392306362671409e-15,-5.968432231153295e-16,0,16,0,0
legado,S_UR_maximo,16,25.112262752683552,6.82348248352241,-18.28878026916114,-19.791363766650225,-16.786196771672056,0,16,0,0,16,25.112262752683552,6.82348248352241,-18.28878026916114,-19.791363766650225,-16.786196771672056,0,16,0,0
legado,TL,16,0.0,10.489583333333334,10.489583333333334,9.62216515747912,11.357001509187548,16,0,0,0,16,0.0,10.489583333333334,10.489583333333334,9.62216515747912,11.357001509187548,16,0,0,0
legado,TR,16,68.86531966000788,52.508906312877905,-16.356413347129973,-19.1295017337695,-13.583324960490444,0,16,0,0,16,68.86531966000788,52.508906312877905,-16.356413347129973,-19.1295017337695,-13.583324960490444,0,16,0,0
legado,TU,16,126.265625,5.942708333333333,-120.32291666666667,-134.59218836608736,-106.05364496724599,0,16,0,0,16,126.265625,5.942708333333333,-120.32291666666667,-134.59218836608736,-106.05364496724599,0,16,0,0
legado,TW,16,696.796875,547.1927083333333,-149.60416666666666,-161.87070668292282,-137.3376266504105,0,16,0,0,16,696.796875,547.1927083333333,-149.60416666666666,-161.87070668292282,-137.3376266504105,0,16,0,0
legado,atraso_relativo,16,3.1345325057997284,1.9991332944309277,-1.1353992113688003,-1.2444795128346746,-1.026318909902926,0,16,0,0,16,3.1345325057997284,1.9991332944309277,-1.1353992113688003,-1.2444795128346746,-1.026318909902926,0,16,0,0
legado,competencia_maxima_final,16,0.6784269160974062,0.9040176605668715,0.2255907444694652,0.19863896304822404,0.25254252589070636,16,0,0,0,16,0.6784269160974062,0.9040176605668715,0.2255907444694652,0.19863896304822404,0.25254252589070636,16,0,0,0
legado,competencia_maxima_inicial,16,0.6784269160974062,0.6784269160974062,0.0,0.0,0.0,0,0,16,0,16,0.6784269160974062,0.6784269160974062,0.0,0.0,0.0,0,0,16,0
legado,competencia_minima_inicial,16,0.36053696648776334,0.36053696648776334,0.0,0.0,0.0,0,0,16,0,16,0.36053696648776334,0.36053696648776334,0.0,0.0,0.0,0,0,16,0
legado,concluiu,16,1.0,1.0,0.0,0.0,0.0,0,0,16,0,16,1.0,1.0,0.0,0.0,0.0,0,0,16,0
legado,divida_latente_sobre_plano,16,0.07412735814984972,0.020144458403516828,-0.053982899746332885,-0.05825990358566864,-0.04970589590699713,0,16,0,0,16,0.07412735814984972,0.020144458403516828,-0.053982899746332885,-0.05825990358566864,-0.04970589590699713,0,16,0,0
legado,dividas_pendentes,16,0.0,0.0,0.0,0.0,0.0,0,0,16,0,16,0.0,0.0,0.0,0.0,0.0,0,0,16,0
legado,hiato_colega_capaz_sem_confianca,16,81.421875,0.0,-81.421875,-92.06140103478849,-70.78234896521151,0,16,0,0,16,81.421875,0.0,-81.421875,-92.06140103478849,-70.78234896521151,0,16,0,0
legado,hiato_encontrado,16,126.265625,16.432291666666664,-109.83333333333334,-124.01955388981516,-95.64711277685153,0,16,0,0,16,126.265625,16.432291666666664,-109.83333333333334,-124.01955388981516,-95.64711277685153,0,16,0,0
legado,hiato_sem_colega_capaz,16,44.84375,5.942708333333333,-38.90104166666667,-44.268678694558574,-33.53340463877477,0,16,0,0,16,44.84375,5.942708333333333,-38.90104166666667,-44.268678694558574,-33.53340463877477,0,16,0,0
legado,hiato_sem_colega_livre,16,11.385416666666668,1.9479166666666665,-9.4375,-12.945847948864639,-5.929152051135361,0,15,1,0,16,11.385416666666668,1.9479166666666665,-9.4375,-12.945847948864639,-5.929152051135361,0,15,1,0
legado,makespan,16,237.68229166666669,151.90625,-85.77604166666666,-90.54976146784735,-81.00232186548597,0,16,0,0,16,237.68229166666669,151.90625,-85.77604166666666,-90.54976146784735,-81.00232186548597,0,16,0,0
legado,makespan_cpm,16,77.1875,77.1875,0.0,0.0,0.0,0,0,16,0,16,77.1875,77.1875,0.0,0.0,0.0,0,0,16,0
legado,n_adiamentos,16,0.0,0.0,0.0,0.0,0.0,0,0,16,0,16,0.0,0.0,0.0,0.0,0.0,0,0,16,0
legado,n_com_erro,16,13.020833333333332,3.8229166666666665,-9.197916666666668,-9.82503693849267,-8.570796394840666,0,16,0,0,16,13.020833333333332,3.8229166666666665,-9.197916666666668,-9.82503693849267,-8.570796394840666,0,16,0,0
legado,n_limpas,16,46.97916666666667,56.177083333333336,9.197916666666668,8.570796394840666,9.82503693849267,16,0,0,0,16,46.97916666666667,56.177083333333336,9.197916666666668,8.570796394840666,9.82503693849267,16,0,0,0
legado,n_reportadas,16,2.140625,9.989583333333332,7.848958333333333,7.4150219841769225,8.282894682489744,16,0,0,0,16,2.140625,9.989583333333332,7.848958333333333,7.4150219841769225,8.282894682489744,16,0,0,0
legado,n_tarefas,16,60.0,60.0,0.0,0.0,0.0,0,0,16,0,16,60.0,60.0,0.0,0.0,0.0,0,0,16,0
legado,p1_fuga,16,0.0,0.0,0.0,0.0,0.0,0,0,16,0,16,0.0,0.0,0.0,0.0,0.0,0,0,16,0
legado,p1_omissao,16,38.640625,19.166666666666664,-19.473958333333332,-21.62613552227828,-17.321781144388385,0,16,0,0,16,38.640625,19.166666666666664,-19.473958333333332,-21.62613552227828,-17.321781144388385,0,16,0,0
legado,p2_ajuda,16,0.0,10.489583333333334,10.489583333333334,9.62216515747912,11.357001509187548,16,0,0,0,16,0.0,10.489583333333334,10.489583333333334,9.62216515747912,11.357001509187548,16,0,0,0
legado,p2_bloqueio,16,126.265625,5.942708333333333,-120.32291666666667,-134.59218836608736,-106.05364496724599,0,16,0,0,16,126.265625,5.942708333333333,-120.32291666666667,-134.59218836608736,-106.05364496724599,0,16,0,0
legado,p3_analitica,16,21.359375,40.83333333333333,19.473958333333332,17.321781144388385,21.62613552227828,16,0,0,0,16,21.359375,40.83333333333333,19.473958333333332,17.321781144388385,21.62613552227828,16,0,0,0
legado,retrabalho_sobre_esforco_realizado,16,0.07700442375652736,0.08461401738680613,0.007609593630278785,0.004453241576832188,0.010765945683725383,15,1,0,0,16,0.07700442375652736,0.08461401738680613,0.007609593630278785,0.004453241576832188,0.010765945683725383,15,1,0,0
legado,retrabalho_sobre_plano,16,0.20309877307027008,0.15446817485451853,-0.04863059821575157,-0.057061528121581336,-0.04019966830992181,0,16,0,0,16,0.20309877307027008,0.15446817485451853,-0.04863059821575157,-0.057061528121581336,-0.04019966830992181,0,16,0,0
legado,tarefas_acima_da_competencia_maxima_inicial,16,14.541666666666666,14.541666666666666,0.0,0.0,0.0,0,0,16,0,16,14.541666666666666,14.541666666666666,0.0,0.0,0.0,0,0,16,0
legado,tarefas_pendentes,16,0.0,0.0,0.0,0.0,0.0,0,0,16,0,16,0.0,0.0,0.0,0.0,0.0,0,0,16,0
legado,taxa_omissao,16,0.2170138888888889,0.06371527777777779,-0.1532986111111111,-0.16375061564154447,-0.14284660658067772,0,16,0,0,16,0.2170138888888889,0.06371527777777779,-0.1532986111111111,-0.16375061564154447,-0.14284660658067772,0,16,0,0
